,,ロット情報,,,,,,①盛り後,②2~3h後点検,,,,,③制御2→3,,,,,,,④手入れ前,,,,,,,,⑤制御3→4,,,,,,⑥制御4,,,⑦朝から除湿,,,,,
製麴機,月日,産地,新古,品種,精米歩合,枚数,重量,①品温,②時刻,②時刻(h),②品温,②保温1,②保温2,③換気,③排気,③除湿機入り,③除湿機戻り,③保温1,③保温2,③風量,④時刻,④時刻(h),④品温,④換気,④排気,④除湿機入り,④除湿機戻り,④風量,"⑤変更有無
変更無=1
変更有=2",⑤換気,⑤排気,⑤除湿機入り,⑤除湿機戻り,⑤風量,⑥変更有無,⑥換気,⑥排気,⑦換気,⑦排気,⑦除湿機入り,⑦除湿機戻り,⑦風量,
A,2021/10/13,広島県,新米,八反錦,70,6,140,32.08,12:33:00,12.55 ,36.08,,,1.5,2.4,全閉,全閉,38.0,38.5,6.4,15:57:00,15.95 ,41.44,1.2,2.1,3.1,全開,6.4,2,1.0,1.9,3.1,全開,6.4,2,1.1,2.0,,,,,,
B,2021/10/14,兵庫県,新米,山田錦,50,6,132,33.32,10:52:00,10.87 ,35.58,,,1.4,2.3,全閉,全閉,38.0,38.5,6.2,15:31:00,15.52 ,41.36,1.0,1.9,3.1,全開,6.3,2,1.1,2.0,3.1,全開,6.3,2,1.3,2.15,,,,,,
A,2021/10/16,広島県,新米,八反錦,60,6,140,31.78,11:26:00,11.43 ,34.16,,,1.4,2.2,全閉,全閉,38.0,38.5,6.4,15:45:00,15.75 ,41.12,1.1,2.0,3.1,全開,6.4,2,1.2,2.1,3.1,全開,6.4,2,1.1,2.0,,,,,,
B,2021/10/17,広島県,新米,八反錦,70,6,133,32.24,11:00:00,11.00 ,34.10,,,1.4,2.2,,,,,,15:47:00,15.78 ,41.38,1.1,2.1,3.1,全開,6.4,2,1.2,2.2,3.1,全開,6.4,2,1.1,2.0,,,,,,
A,2021/10/18,広島県,新米,八反錦,60,4,90,30.76,,,,,,1.3,2.2,全閉,全閉,38.0,38.5,5.3,15:58:00,15.97 ,40.86,1.3,2.2,全閉,全閉,5.3,1,1.3,2.2,全閉,全閉,5.3,1,1.3,2.2,0.3,0.8,3.1,0.5,5.5,
B,2021/10/19,広島県,新米,八反錦,60,6,140,31.44,,,,,,1.4,2.2,全閉,全閉,38.5,39.0,6.3,16:20:00,16.33 ,40.68,1.0,1.9,3.1,全開,6.3,2,1.0,1.7,3.1,全開,6.3,2,0.8,1.5,,,,,,
A,2021/10/20,広島県,新米,八反錦,60,4,90,30.88,,,,,,1.3,2.2,全閉,全閉,39.0,39.5,5.3,16:17:00,16.28 ,40.14,1.3,2.2,全閉,全閉,5.3,1,1.3,2.2,全閉,全閉,5.3,2,1.1,2.0,0.2,0.65,3.1,0.5,5.5,
B,2021/10/21,広島県,新米,八反錦,60,6,140,31.88,,,,,,1.4,2.3,全閉,全閉,39.0,39.5,6.4,15:54:00,15.90 ,41.06,0.9,1.8,3.1,全開,6.4,1,0.9,1.8,3.1,全開,6.4,1,0.9,1.8,,,,,,
A,2021/10/22,岡山県,新米,雄町,40,6,130,32.78,13:03:00,13.05 ,37.18,,,1.4,2.2,全閉,全閉,39.0,39.5,6.3,15:45:00,15.75 ,41.42,0.9,1.8,3.1,全開,6.3,1,0.9,1.8,3.1,全開,6.3,1,0.9,1.8,,,,,,
B,2021/10/23,岡山県,新米,雄町,40,6,153,32.68,11:19:00,11.32 ,34.90,,,1.5,2.4,全閉,全閉,38.5,39.0,6.4,15:56:00,15.93 ,41.52,1.1,2.0,3.1,全開,6.4,2,1.2,2.1,3.1,全開,6.4,2,1.0,1.9,,,,,,
A,2021/10/24,兵庫県,新米,山田錦,50,6,140,31.88,11:26:00,11.43 ,34.00,,,1.4,2.3,全閉,全閉,38.5,39.0,6.3,15:54:00,15.90 ,41.18,0.9,1.8,3.1,全開,6.3,1,0.9,1.8,3.1,全開,6.3,2,1.1,2.0,,,,,,
A,2021/10/26,兵庫県,新米,山田錦,50,6,140,30.92,,,,,,1.4,2.3,全閉,全閉,39.0,39.5,6.3,16:11:00,16.18 ,40.46,1.0,1.9,3.1,全開,6.3,1,1,1.9,3.1,全開,6.3,2,0.7,1.65,,,,,,
B,2021/10/27,兵庫県,新米,山田錦,50,4,90,30.88,11:37:00,11.62 ,33.08,,,1.3,2.2,全閉,全閉,39.0,39.5,5.3,,,40.70,1.1,2.0,全閉,全閉,5.3,2,1.3,2.2,全閉,全閉,5.3,2,1.4,2.35,0.25,0.75,3.15,0.75,,
A,2021/10/28,兵庫県,新米,山田錦,50,6,140,31.86,,,,,,1.4,2.3,,,,,,16:05:00,16.08 ,41.18,0.9,1.8,3.1,全開,6.3,1,0.9,1.8,3.1,全開,6.3,2,1.0,1.9,,,,,,
B,2021/10/29,兵庫県,新米,山田錦,50,6,140,32.62,,,,,,1.4,2.3,全閉,全閉,39.0,39.5,6.3,15:48:00,15.80 ,41.60,0.9,1.8,3.1,全開,6.3,1,0.9,1.8,3.1,全開,6.3,2,1.0,1.9,,,,,,
A,2021/10/30,兵庫県,新米,山田錦,50,6,140,32.00,,,,,,1.4,2.3,全閉,全閉,39.0,39.5,6.3,15:13:00,15.22 ,40.32,0.9,1.8,3.1,全開,6.3,1,0.9,1.8,3.1,全開,6.3,1,0.9,1.8,,,,,,
B,2021/10/31,兵庫県,新米,山田錦,50,6,145,32.06,,,,,,1.4,2.3,全閉,全閉,39.0,39.5,6.3,16:03:00,16.05 ,41.54,0.9,1.8,3.1,全開,6.3,1,0.9,1.8,3.1,全開,6.3,1,0.9,1.8,,,,,,
A,2021/11/1,岡山県,新米,雄町,50,3,60,31.54,,,,,,1.3,2.1,全閉,全閉,39.0,39.5,4.5,15:44:00,15.73 ,,1.3,2.1,全閉,全閉,4.5,1,1.3,2.1,全閉,全閉,4.5,1,1.3,2.1,0.2,0.6,3.1,1.0,4.8,
B,2021/11/2,兵庫県,新米,山田錦,50,6,120,31.88,,,,,,1.3,2.1,全閉,全閉,39.0,39.5,6.0,16:08:00,16.13 ,42.04,0.8,1.7,3.1,全開,6.0,1,0.8,1.7,3.1,全開,6.0,1,0.8,1.7,,,,,,
A,2021/11/3,岡山県,新米,雄町,50,6,125,32.08,,,,,,1.3,2.1,全閉,全閉,39.0,39.5,6.0,15:56:00,15.93 ,41.18,0.8,1.7,3.1,全開,6.0,1,0.8,1.7,3.1,全開,6.0,1,0.8,1.7,,,,,,
B,2021/11/4,岡山県,新米,雄町,50,4,90,31.62,,,,,,1.3,2.1,全閉,全閉,39.0,39.5,5.3,15:58:00,15.97 ,41.60,1.3,2.2,全閉,全閉,5.3,1,1.3,2.2,全閉,全閉,5.3,1,1.3,2.2,0.35,0.75,3.1,0.5,5.5,
A,2021/11/5,岡山県,新米,雄町,50,6,105,31.62,,,,,,1.2,2.1,,,,,,15:36:00,15.60 ,40.92,0.6,1.5,3.1,全開,5.8,1,0.6,1.5,3.1,全開,5.8,1,0.6,1.5,,,,,,
B,2021/11/6,広島県,新米,八反錦,60,3,70,31.52,,,,,,,,,,,,,15:57:00,15.95 ,41.38,1.3,2.1,全閉,全閉,4.8,1,1.3,2.1,全閉,全閉,4.8,1,1.3,2.1,,,,,,
A,2021/11/7,岡山県,新米,雄町,50,6,105,30.88,12:26:00,12.43 ,34.18,,,,,,,,,,16:07:00,16.12 ,41.22,0.6,1.5,3.1,全開,5.8,1,0.6,1.5,3.1,全開,5.8,1,0.6,1.5,,,,,,
B,2021/11/8,岡山県,新米,雄町,50,3,70,31.30,,,,,,1.3,2.1,,,,,,16:05:00,16.08 ,40.76,1.3,2.1,全閉,全閉,4.8,1,1.3,2.1,全閉,全閉,4.8,1,1.3,2.1,0.2,0.65,3.1,0.5,5.0,
A,2021/11/9,兵庫県,新米,山田錦,50,6,105,31.36,,,,,,1.2,2.1,全閉,全閉,39.0,39.5,5.8,15:47:00,15.78 ,40.38,0.6,1.5,3.1,全開,5.8,1,0.6,1.5,3.1,全開,5.8,2,0.7,1.6,,,,,,
B,2021/11/10,岡山県,新米,雄町,50,6,145,31.78,11:24:00,11.40 ,33.40,,,,,,,,,,16:03:00,16.05 ,41.04,0.8,1.7,3.1,全開,6.4,1,0.8,1.7,3.1,全開,6.4,2,0.9,1.8,,,,,,
A,2021/11/11,岡山県,新米,山田錦,60,6,150,32.78,,,,,,1.6,2.4,全閉,全閉,39.0,39.5,6.4,15:25:00,15.42 ,,1.0,1.9,3.1,全開,6.4,2,1.1,2.0,3.1,全開,6.4,1,1.1,2.0,,,,,,
B,2021/11/12,兵庫県,新米,山田錦,50,6,103,31.36,,,,,,1.2,2.1,全閉,全閉,39.0,39.5,5.8,15:50:00,15.83 ,40.86,0.6,1.5,3.1,全開,5.8,2,0.5,1.1,3.1,全開,5.8,2,0.7,1.3,,,,,,
B,2021/11/14,岡山県,新米,山田錦,60,4,100,31.74,,,,,,1.5,2.4,全閉,全閉,39.0,39.5,5.5,15:35:00,15.58 ,41.74,1.4,2.3,全閉,全閉,5.5,2,1.5,2.3,全閉,全閉,5.5,1,1.5,2.3,0.35,0.85,3.1,全開,5.7,
A,2021/11/15,岡山県,新米,雄町,50,6,140,31.44,,,,,,1.4,2.3,全閉,全閉,39.0,39.5,6.4,15:59:00,15.98 ,41.00,0.9,1.8,3.1,全開,6.4,1,0.9,1.8,3.1,全開,6.4,2,0.8,1.7,,,,,,
B,2021/11/16,岡山県,新米,雄町,50,6,140,31.36,11:10:00,11.17 ,33.14,,,1.4,2.3,,,,,,16:14:00,16.23 ,41.42,0.8,1.7,3.1,全開,6.4,2,0.7,1.6,3.1,全開,6.4,1,0.7,1.6,,,,,,
A,2021/11/17,岡山県,新米,雄町,50,4,110,31.16,,,,,,1.3,2.1,全閉,全閉,39.0,39.5,6.0,16:05:00,16.08 ,41.10,0.5,1.3,3.1,全開,6.0,1,0.5,1.3,3.1,全開,6.0,1,0.5,1.3,,,,,,
B,2021/11/18,岡山県,新米,雄町,50,3,110,31.10,10:45:00,10.75 ,31.96,,,1.3,2.1,全閉,全閉,39.0,39.5,6.0,16:16:00,16.27 ,40.52,0.5,1.3,3.1,全開,6.0,1,0.5,1.3,3.1,全開,6.0,1,0.5,1.3,,,,,,
A,2021/11/19,広島県,新米,八反錦,60,6,140,32.44,11:19:00,11.32 ,34.38,,,1.5,2.4,全閉,全閉,39.0,39.5,6.4,15:53:00,15.88 ,41.10,0.9,1.8,3.1,全開,6.4,1,0.9,1.8,3.1,全開,6.4,1,0.9,1.8,,,,,,
B,2021/11/20,兵庫県,新米,山田錦,35,2,40,30.52,10:54:00,10.90 ,33.34,,,1.0,1.8,全閉,全閉,39.0,39.5,4.0,16:09:00,16.15 ,41.02,0.8,1.7,全閉,全閉,3.8,2,0.9,1.8,全閉,全閉,3.8,1,0.9,1.8,,,,,,
A,2021/11/21,広島県,新米,八反錦,60,6,140,31.90,11:17:00,11.28 ,34.00,,,1.4,2.3,全閉,全閉,39.0,39.5,6.4,16:05:00,16.08 ,40.86,0.9,1.8,3.1,全開,6.4,1,0.9,1.8,3.1,全開,6.4,1,0.9,1.8,,,,,,
B,2021/11/22,岡山県,新米,雄町,40,1,15,32.32,11:07:00,11.12 ,34.04,,,1.3,2.2,全閉,全閉,39.0,39.5,6.3,15:47:00,15.78 ,41.08,0.8,1.7,3.1,全開,6.3,1,0.8,1.7,3.1,全開,6.3,2,0.9,1.8,,,,,,
B,2021/11/22,広島県,新米,八反錦,60,5,120,32.32,11:07:00,11.12 ,34.04,,,1.3,2.2,全閉,全閉,39.0,39.5,6.3,15:47:00,15.78 ,41.08,0.8,1.7,3.1,全開,6.3,1,0.8,1.7,3.1,全開,6.3,2,0.9,1.8,,,,,,
A,2021/11/23,兵庫県,新米,山田錦,50,6,105,32.34,11:51:00,11.85 ,34.84,,,1.3,2.1,全閉,全閉,39.0,39.5,5.8,15:53:00,15.88 ,41.24,0.5,1.3,3.1,全開,5.6,1,0.5,1.3,3.1,全開,5.6,1,0.5,1.3,,,,,,
B,2021/11/24,広島県,新米,八反錦,60,6,120,32.28,11:19:00,11.32 ,34.48,,,1.4,2.3,全閉,全閉,39.0,39.5,,15:38:00,15.63 ,41.28,0.8,1.7,3.1,全開,6.2,1,0.8,1.7,3.1,全開,6.2,1,0.8,1.7,,,,,,
A,2021/11/25,広島県,新米,八反錦,60,6,130,32.62,11:17:00,11.28 ,34.90,,,,,,,,,,15:33:00,15.55 ,40.94,0.8,1.7,3.1,全開,6.2,1,0.8,1.7,3.1,全開,6.2,1,0.8,1.7,,,,,,
B,2021/11/26,岡山県,新米,雄町GAP,60,1,15,32.52,11:28:00,11.47 ,34.72,,,,,,,,,,15:49:00,15.82 ,41.54,0.5,1.3,3.1,全開,5.6,1,0.5,1.3,3.1,全開,5.6,1,0.5,1.3,,,,,,
B,2021/11/26,広島県,新米,山田錦,50,5,90,32.52,11:28:00,11.47 ,34.72,,,,,,,,,,15:49:00,15.82 ,41.54,0.5,1.3,3.1,全開,5.6,1,0.5,1.3,3.1,全開,5.6,1,0.5,1.3,,,,,,
A,2021/11/27,広島県,新米,八反錦,60,6,130,31.94,11:08:00,11.13 ,34.36,,,1.4,2.3,,,,,,15:33:00,15.55 ,41.08,0.8,1.7,3.1,全開,6.2,1,0.8,1.7,3.1,全開,6.2,1,0.8,1.7,,,,,,
B,2021/11/28,広島県,新米,八反錦,60,6,140,32.32,,,,,,,,,,,,,15:32:00,15.53 ,41.22,0.9,1.8,3.1,全開,6.2,1,0.9,1.8,3.1,全開,6.2,1,0.9,1.8,,,,,,
B,2021/11/30,広島県,新米,八反錦,60,6,140,32.28,11:16:00,11.27 ,34.96,,,1.5,2.3,全閉,全閉,39.0,39.5,6.2,15:28:00,15.47 ,41.00,0.9,1.8,3.1,全開,6.2,1,0.9,1.8,3.1,全開,6.2,1,0.9,1.8,,,,,,
A,2021/12/1,兵庫県,新米,山田錦,40,4,95,30.60,11:08:00,11.13 ,33.94,,,1.4,2.3,全閉,全閉,39.0,39.5,5.5,15:27:00,15.45 ,40.56,1.4,2.2,全閉,全閉,5.5,1,1.4,2.2,全閉,全閉,5.5,1,1.4,2.2,0.35,0.85,2.5,全開,,
A,2021/12/3,兵庫県,新米,山田錦,40,4,95,30.54,11:20:00,11.33 ,34.20,,,1.4,2.3,全閉,全閉,39.0,39.5,5.5,15:37:00,15.62 ,40.88,1.4,2.2,全閉,全閉,5.5,1,1.4,2.2,全閉,全閉,5.5,2,1.45,2.25,0.35,0.75,2.5,全開,,
B,2021/12/4,岡山県,新米,山田錦,7,4,88,30.96,10:50:00,10.83 ,33.26,,,,,,,,,,15:37:00,15.62 ,41.48,1.4,2.2,全閉,全閉,5.5,2,1.3,2.1,全閉,全閉,5.5,2,1.4,2.2,0.3,0.8,2.5,全開,,
A,2021/12/5,岡山県,新米,雄町,40,4,80,30.76,10:51:00,10.85 ,32.08,,,1.3,2.1,全閉,全閉,39.0,39.5,5.5,16:27:00,16.45 ,40.98,1.3,2.1,全閉,全閉,5.5,1,1.3,2.1,全閉,全閉,5.5,2,1.25,1.95,0.25,0.65,2.5,全開,,
B,2021/12/6,兵庫県,新米,山田錦,40,4,80,30.22,11:12:00,11.20 ,33.02,,,1.3,2.1,全閉,全閉,39.0,39.5,5.5,15:49:00,15.82 ,41.02,1.3,2.0,全閉,全閉,5.5,1,1.3,2.0,全閉,全閉,5.5,1,1.3,2.0,0.25,0.65,2.5,1.0,5.7,
A,2021/12/7,兵庫県,新米,山田錦,50,6,155,31.66,11:05:00,11.08 ,33.98,,,1.5,2.4,全閉,全閉,39.0,39.5,6.4,15:45:00,15.75 ,41.32,1.0,1.9,2.5,全開,6.4,1,1.0,1.9,2.5,全開,6.4,1,1.0,1.9,,,,,,
B,2021/12/8,岡山県,新米,雄町,40,2,40,30.38,10:54:00,10.90 ,34.20,,,0.8,1.7,全閉,全閉,39.0,39.5,3.8,16:11:00,16.18 ,41.18,0.7,1.6,全閉,全閉,3.8,2,0.6,1.4,全閉,全閉,3.8,1,0.6,1.4,,,,,,
A,2021/12/9,岡山県,新米,雄町GAP,60,6,120,32.08,10:29:00,10.48 ,33.66,,,1.4,2.3,全閉,全閉,39.0,39.5,6.0,15:43:00,15.72 ,41.20,0.7,1.6,2.5,全開,6.0,2,0.6,1.45,2.5,全開,6.0,2,0.8,1.65,,,,,,
B,2021/12/10,兵庫県,新米,山田錦,50,4,90,31.56,11:16:00,11.27 ,34.04,,,1.4,2.3,全閉,全閉,39.0,39.5,5.7,15:39:00,15.65 ,41.10,1.4,2.2,全閉,全閉,5.7,1,1.4,2.2,全閉,全閉,5.7,2,1.5,2.4,0.3,0.8,2.5,全開,,
A,2021/12/13,兵庫県,新米,山田錦,50,6,115,31.46,11:20:00,11.33 ,34.02,,,1.3,2.2,全閉,全閉,39.0,39.5,6.0,15:54:00,15.90 ,41.14,0.7,1.5,2.5,全開,6.0,1,0.7,1.5,2.5,全開,6.0,2,0.6,1.4,,,,,,
B,2021/12/14,兵庫県,新米,山田錦,50,4,90,31.48,10:58:00,10.97 ,33.08,,,,,,,,,,,0.00 ,40.78,1.4,2.3,全閉,全閉,5.7,1,1.4,2.3,全閉,全閉,5.7,2,1.9,2.2,0.3,0.75,2.5,全開,,
B,2021/12/16,兵庫県,新米,山田錦,50,6,110,32.14,11:08:00,11.13 ,33.90,,,1.2,2.1,全閉,全閉,39.0,39.5,6.0,15:56:00,15.93 ,41.20,0.5,1.4,2.5,全開,6.0,1,0.5,1.4,2.5,全開,6.0,2,0.35,1.2,,,,,,
A,2021/12/17,岡山県,新米,山田錦,7,1,25,31.52,10:49:00,10.82 ,33.14,,,1.4,2.3,全閉,全閉,39.0,39.5,5.7,16:03:00,16.05 ,40.82,1.3,2.1,全閉,全閉,5.7,2,1.4,2.2,全閉,全閉,5.7,2,1.6,2.35,0.25,0.65,2.5,全開,,
A,2021/12/17,広島県,新米,八反錦,60,3,60,31.52,10:49:00,10.82 ,33.14,,,1.4,2.3,全閉,全閉,39.0,39.5,5.7,16:03:00,16.05 ,40.82,1.3,2.1,全閉,全閉,5.7,2,1.4,2.2,全閉,全閉,5.7,2,1.6,2.35,0.25,0.65,2.5,全開,,
B,2021/12/18,岡山県,新米,山田錦,7,2,35,30.94,10:54:00,10.90 ,32.26,,,1.3,2.2,全閉,全閉,39.0,39.5,6.0,16:33:00,16.55 ,40.86,0.4,1.2,2.5,全開,6.0,1,0.4,1.2,2.5,全開,6.0,2,0.4,1.05,,,,,,
B,2021/12/18,広島県,新米,八反錦,60,4,80,31.94,10:54:00,10.90 ,33.26,,,1.3,2.2,全閉,全閉,39.0,39.5,6.0,16:33:00,16.55 ,40.86,0.4,1.2,2.5,全開,6.0,1,0.4,1.2,2.5,全開,6.0,2,0.4,1.05,,,,,,
A,2021/12/19,広島県,新米,八反錦,60,6,140,,10:45:00,10.75 ,33.34,,,1.4,2.3,全閉,全閉,39.0,39.5,6.4,16:17:00,16.28 ,41.24,0.8,1.7,2.5,全開,6.3,1,0.8,1.7,2.5,全開,6.3,2,0.6,1.5,,,,,,
B,2021/12/20,広島県,新米,八反錦,,6,140,31.68,11:02:00,11.03 ,33.72,,,1.4,2.2,全閉,全閉,39.0,39.5,6.3,15:45:00,15.75 ,40.92,0.7,1.5,2.5,全開,6.3,1,0.7,1.5,2.5,全開,6.3,2,0.6,1.9,,,,,,
A,2021/12/21,広島県,新米,八反錦呉産,60,6,140,31.42,10:34:00,10.57 ,32.82,,,1.4,2.3,全閉,全閉,39.0,39.5,6.3,15:59:00,15.98 ,40.98,0.6,1.4,2.5,全開,6.3,1,0.6,1.4,2.5,全開,6.3,2,0.5,1.25,,,,,,
B,2021/12/22,広島県,新米,八反錦,60,6,120,31.72,10:53:00,10.88 ,33.74,,,1.2,2.1,全閉,全閉,39.0,39.5,6.0,15:36:00,15.60 ,41.09,0.4,1.2,2.5,全開,6.0,1,0.4,1.2,2.5,全開,6.0,2,0.3,1.1,,,,,,
A,2021/12/23,兵庫県,新米,山田錦,50,6,140,32.20,11:05:00,11.08 ,34.24,,,1.4,2.3,全閉,全閉,39.0,39.5,6.2,15:28:00,15.47 ,40.86,0.7,1.5,2.5,全開,6.2,2,0.6,1.4,2.5,全開,6.2,1,0.6,1.4,,,,,,
B,2021/12/24,広島県,新米,八反錦呉産,35,2,30,31.84,10:57:00,10.95 ,33.28,38.0,38.5,1.2,2.1,全閉,全閉,39.0,39.5,6.0,15:48:00,15.80 ,40.78,0.5,1.2,2.5,全開,6.0,1,0.5,1.2,2.5,全開,6.0,2,0.4,1.1,,,,,,
B,2021/12/24,広島県,新米,八反錦呉産,60,4,90,31.84,10:57:00,10.95 ,33.28,38.0,38.5,1.2,2.1,全閉,全閉,39.0,39.5,6.0,15:48:00,15.80 ,40.78,0.5,1.2,2.5,全開,6.0,1,0.5,1.2,2.5,全開,6.0,2,0.4,1.1,,,,,,
B,2021/12/26,兵庫県,新米,山田錦,50,6,120,31.52,10:40:00,10.67 ,33.22,38.0,38.5,1.2,2.1,全閉,全閉,39.0,39.5,6.0,15:21:00,15.35 ,40.56,0.4,1.2,2.5,全開,6.0,1,0.4,1.2,2.5,全開,6.0,1,0.4,1.2,,,,,,
A,2021/12/27,兵庫県,新米,山田錦,35,3,57,30.84,10:18:00,10.30 ,33.62,,,1.3,2.2,全閉,全閉,39.0,39.5,4.2,15:12:00,15.20 ,41.48,1.3,2.1,全閉,全閉,4.2,2,1.1,1.8,全閉,全閉,4.2,2,1.5,1.8,,,,,,
B,2021/12/28,岡山県,新米,雄町,50,6,105,31.98,10:50:00,10.83 ,33.96,38.0,38.5,1.2,2.0,全閉,全閉,39.0,39.5,5.8,15:45:00,15.75 ,41.46,0.3,1.0,2.5,全開,5.8,1,0.3,1.0,2.5,全開,5.8,2,0.45,1.15,,,,,,
A,2021/12/29,岡山県,新米,雄町,50,6,105,31.84,11:01:00,11.02 ,34.04,,,1.2,2.0,全閉,全閉,39.0,39.5,5.8,15:39:00,15.65 ,41.36,0.4,1.1,2.5,全開,5.8,1,0.4,1.1,2.5,全開,5.8,1,0.4,1.1,,,,,,
B,2022/1/5,岡山県,新米,雄町,50,6,140,,11:28:00,11.47 ,33.58,38.5,39.0,1.4,2.2,全閉,全閉,39.0,39.5,6.2,15:37:00,15.62 ,41.06,0.6,1.4,2.5,全開,6.2,2,0.7,1.5,2.5,全開,6.2,2,0.55,1.35,,,,,,
A,2022/1/6,兵庫県,新米,山田錦,35,4,80,30.96,10:43:00,10.72 ,32.82,,,1.4,2.3,全閉,全閉,38.5,39.0,5.3,15:39:00,15.65 ,41.60,1.3,2.1,全閉,全閉,5.3,1,1.3,2.1,全閉,全閉,5.3,2,1.6,2.4,,,,,,
B,2022/1/9,兵庫県,新米,山田錦,35,3,70,30.84,10:52:00,10.87 ,33.62,38.0,38.5,1.4,2.2,全閉,全閉,39.0,39.5,5.4,15:34:00,15.57 ,41.84,1.4,2.2,全閉,全閉,5.4,1,1.4,2.2,全閉,全閉,5.4,1,1.4,2.2,0.25,0.75,2.5,全開,5.6,
A,2022/1/10,兵庫県,新米,山田錦,35,3,75,30.74,10:43:00,10.72 ,33.50,,,1.4,2.2,全閉,全閉,39.0,39.5,5.4,15:30:00,15.50 ,41.80,1.5,2.3,全閉,全閉,5.4,1,1.5,2.3,全閉,全閉,5.4,1,1.5,2.3,0.25,0.75,2.5,全開,5.6,
B,2022/1/11,広島県,新米,八反錦呉産,60,3,50,31.68,10:50:00,10.83 ,34.44,,,1.2,2.1,全閉,全閉,39.0,39.5,3.8,15:33:00,15.55 ,41.92,1.1,1.9,全閉,全閉,3.8,1,1.1,1.9,全閉,全閉,3.8,1,1.1,1.9,,,,,,
A,2022/1/12,兵庫県,新米,山田錦,35,4,80,30.58,10:21:00,10.35 ,32.30,,,1.4,2.2,全閉,全閉,39.0,39.5,5.5,15:24:00,15.40 ,41.22,1.5,2.3,全閉,全閉,5.5,2,1.4,2.2,全閉,全閉,5.5,1,1.4,2.2,0.25,0.75,2.5,全開,5.7,
B,2022/1/13,兵庫県,新米,山田錦,35,4,95,30.86,10:48:00,10.80 ,33.24,,,1.4,2.2,全閉,全閉,39.0,39.5,5.6,15:30:00,15.50 ,41.84,1.4,2.2,全閉,全閉,5.6,2,1.5,2.3,全閉,全閉,5.6,1,1.5,2.3,0.3,0.8,2.5,全開,5.8,
A,2022/1/14,兵庫県,新米,山田錦,35,4,90,30.84,11:08:00,11.13 ,33.30,38.0,38.5,1.4,2.2,,,,,5.5,15:39:00,15.65 ,41.52,1.4,2.2,全閉,全閉,5.5,1,1.4,2.2,全閉,全閉,5.5,1,1.4,2.2,0.25,0.7,2.5,全開,5.7,
B,2022/1/15,兵庫県,新米,山田錦,50,4,100,32.18,11:02:00,11.03 ,34.48,37.0,37.5,,,,,,,,15:26:00,15.43 ,41.36,0.3,0.9,2.5,全開,5.8,1,0.3,0.9,2.5,全開,5.8,2,0.3,0.8,,,,,,
A,2022/1/16,兵庫県,新米,山田錦,35,4,90,31.32,10:50:00,10.83 ,33.32,,,1.4,2.2,全閉,全閉,39.0,39.5,5.5,15:27:00,15.45 ,41.44,1.4,2.2,全閉,全閉,5.5,1,1.4,2.2,全閉,全閉,5.5,2,1.5,2.3,0.25,0.7,2.5,全開,5.7,
B,2022/1/17,兵庫県,新米,山田錦,35,4,80,30.94,11:16:00,11.27 ,34.34,38.0,38.5,,,,,,,,15:23:00,15.38 ,41.29,1.4,2.2,全閉,全閉,5.4,1,1.4,2.2,全閉,全閉,5.4,1,1.4,2.2,0.25,0.75,2.5,全開,5.6,
A,2022/1/18,兵庫県,新米,山田錦,35,4,80,,10:57:00,10.95 ,32.98,38.0,38.5,,,,,,,,15:24:00,15.40 ,40.20,1.4,2.2,全閉,全閉,5.4,2,1.3,2.1,全閉,全閉,5.4,1,1.3,2.1,0.2,0.7,2.5,全開,5.6,
A,2022/1/20,兵庫県,新米,愛山,50,6,120,31.22,11:24:00,11.40 ,33.92,,,1.3,2.1,全閉,全閉,39.0,39.5,6.0,15:51:00,15.85 ,40.74,0.5,1.3,2.5,全開,6.0,1,0.5,1.3,2.5,全開,6.0,2,0.5,1.2,,,,,,
A,2022/1/22,兵庫県,新米,愛山,50,6,125,31.14,10:57:00,10.95 ,32.74,,,1.3,2.1,全閉,全閉,39.0,39.5,6.0,16:00:00,16.00 ,40.72,0.5,1.3,2.5,全開,6.0,1,0.5,1.3,2.5,全開,6.0,2,0.4,1.1,,,,,,
B,2022/1/23,兵庫県,新米,白鶴錦,48,3,55,31.22,10:44:00,10.73 ,33.34,,,1.2,2.1,,,39.0,39.5,4.0,15:28:00,15.47 ,40.84,1.3,2.1,全閉,全閉,4.0,1,1.3,2.1,全閉,全閉,4.0,1,1.3,2.1,,,,,,
A,2022/1/24,広島県,新米,八反錦呉産,60,6,130,32.14,11:27:00,11.45 ,35.12,,,1.3,2.2,,,39.0,39.5,,15:30:00,15.50 ,41.40,0.4,1.2,2.5,全開,6.2,1,0.4,1.2,2.5,全開,6.2,2,0.35,1.05,,,,,,
B,2022/1/25,兵庫県,新米,愛山,50,4,90,30.92,11:22:00,11.37 ,33.44,,,1.4,2.2,,,39.0,39.5,,15:55:00,15.92 ,40.90,1.4,2.2,2.5,全開,5.5,1,1.4,2.2,2.5,全開,5.5,2,1.1,2.0,0.25,0.7,2.5,全開,5.8,
A,2022/1/26,広島県,新米,八反錦呉産,60,6,130,32.00,11:29:00,11.48 ,34.50,,,1.3,2.2,全閉,全閉,39.0,39.5,6.2,15:37:00,15.62 ,40.94,0.3,1.1,2.5,全開,6.2,1,0.3,1.1,2.5,全開,6.2,1,0.3,1.1,,,,,,
B,2022/1/27,広島県,新米,八反錦呉産,60,4,90,31.54,11:16:00,11.27 ,34.22,,,1.4,2.2,全閉,全閉,39.0,39.5,5.5,15:35:00,15.58 ,41.20,1.3,2.2,全閉,全閉,5.5,1,1.3,2.2,全閉,全閉,5.5,2,1.15,2.0,,,,,,
A,2022/1/28,兵庫県,新米,山田錦,60,6,125,33.62,10:36:00,10.60 ,35.70,,,1.4,2.3,,,,,6.2,15:24:00,15.40 ,42.24,0.6,1.4,2.5,全開,6.2,2,0.7,1.5,2.5,全開,6.2,2,0.9,1.85,,,,,,
B,2022/1/29,岡山県,新米,雄町,40,2,32,31.66,11:12:00,11.20 ,33.58,,,,,,,,,,15:45:00,15.75 ,40.74,0.4,1.2,2.5,全開,6.2,1,0.4,1.2,2.5,全開,6.2,2,0.3,0.75,,,,,,
B,2022/1/29,岡山県,新米,雄町,40,4,90,31.66,11:12:00,11.20 ,33.58,,,,,,,,,,15:45:00,15.75 ,40.74,0.4,1.2,2.5,全開,6.2,1,0.4,1.2,2.5,全開,6.2,2,0.3,0.75,,,,,,
A,2022/1/30,兵庫県,新米,山田錦,50,6,130,31.66,11:15:00,11.25 ,34.12,,,1.4,2.2,全閉,全閉,39.0,39.5,6.2,15:42:00,15.70 ,41.32,0.5,1.3,2.5,全開,6.2,1,0.5,1.3,2.5,全開,6.2,1,0.5,1.3,,,,,,
B,2022/1/31,兵庫県,新米,山田錦,60,4,100,33.34,11:33:00,11.55 ,36.44,,,1.5,2.4,全閉,全閉,39.0,39.5,5.7,15:14:00,15.23 ,41.30,0.4,0.9,2.5,全開,5.7,1,0.4,0.9,2.5,全開,5.7,1,0.4,0.9,,,,,,
A,2022/2/1,兵庫県,新米,山田錦,50,6,130,31.78,10:43:00,10.72 ,33.16,,,1.4,2.2,全閉,全閉,39.0,39.5,6.2,15:36:00,15.60 ,41.42,0.5,1.3,2.5,全開,6.2,1,0.5,1.3,2.5,全開,6.2,1,0.5,1.3,,,,,,
B,2022/2/2,岡山県,新米,雄町GAP,60,1,15,31.92,,,,,,1.4,2.2,全閉,全閉,39.0,39.5,6.2,15:43:00,15.72 ,40.76,0.4,1.2,2.5,全開,6.2,2,0.5,1.3,2.5,全開,6.2,1,0.5,1.3,,,,,,
B,2022/2/2,兵庫県,新米,山田錦,50,5,110,31.92,,,,,,1.4,2.2,全閉,全閉,39.0,39.5,6.2,15:43:00,15.72 ,40.76,0.4,1.2,2.5,全開,6.2,2,0.5,1.3,2.5,全開,6.2,1,0.5,1.3,,,,,,
A,2022/2/3,兵庫県,新米,山田錦,50,6,130,32.04,13:08:00,13.13 ,37.46,,,1.4,2.2,,,39.0,39.5,6.2,15:26:00,15.43 ,41.08,0.5,1.3,2.5,全開,6.2,1,0.5,1.3,2.5,全開,6.2,1,0.5,1.3,,,,,,
B,2022/2/4,兵庫県,新米,山田錦,50,6,140,32.98,10:38:00,10.63 ,34.92,,,,,,,,,,15:44:00,15.73 ,41.62,0.5,1.3,2.5,全開,6.2,2,0.5,1.2,2.5,全開,6.2,1,0.5,1.2,,,,,,
A,2022/2/5,兵庫県,新米,白鶴錦,48,6,120,31.06,10:37:00,10.62 ,33.12,,,1.3,2.1,全閉,全閉,39.0,39.5,6.0,15:45:00,15.75 ,40.94,0.4,1.1,2.5,全開,6.0,2,0.5,1.2,2.5,全開,6.0,2,0.4,1.1,,,,,,
B,2022/2/6,兵庫県,新米,山田錦,50,6,110,31.94,10:55:00,10.92 ,33.82,,,1.2,2.0,全閉,全閉,39.0,39.5,6.0,15:37:00,15.62 ,40.78,0.3,1.0,2.5,全開,5.8,2,0.3,0.9,2.5,全開,5.8,1,0.3,0.9,,,,,,
A,2022/2/7,兵庫県,新米,白鶴錦,48,6,120,32.00,,,,,,1.3,2.1,全閉,全閉,39.0,39.5,6.0,15:40:00,15.67 ,40.54,0.4,1.2,2.5,全開,6.0,2,0.5,1.3,2.5,全開,6.0,1,0.5,1.3,,,,,,
B,2022/2/8,岡山県,新米,雄町,50,3,65,31.32,,,,,,1.2,2.1,,,39.0,39.5,4.5,15:53:00,15.88 ,40.66,1.2,2.0,全閉,全閉,4.5,2,1.3,2.1,全閉,全閉,4.5,1,1.3,2.1,,,,,,
A,2022/2/9,兵庫県,新米,白鶴錦,48,6,120,,11:37:00,11.62 ,34.30,,,1.3,2.1,全閉,全閉,39.0,39.5,6.0,15:47:00,15.78 ,40.72,0.5,1.3,2.5,全開,6.0,2,0.6,1.4,2.5,全開,6.0,2,0.45,1.3,,,,,,
B,2022/2/10,兵庫県,新米,白鶴錦,48,6,120,32.46,10:41:00,10.68 ,34.32,,,1.3,2.1,全閉,全閉,39.0,39.5,6.0,15:22:00,15.37 ,41.20,0.5,1.3,2.5,全開,6.0,1,0.5,1.3,2.5,全開,6.0,1,0.5,1.3,,,,,,
A,2022/2/11,岡山県,新米,雄町,40,6,135,31.94,10:48:00,10.80 ,33.18,,,1.4,2.2,全閉,全閉,39.0,39.5,6.2,15:55:00,15.92 ,40.88,0.5,1.3,2.5,全開,6.2,1,0.5,1.3,2.5,全開,6.2,1,0.5,1.3,,,,,,
B,2022/2/12,兵庫県,新米,白鶴錦,48,3,65,31.94,11:10:00,11.17 ,34.42,,,1.2,2.1,全閉,全閉,39.0,39.5,4.5,15:29:00,15.48 ,41.18,1.3,2.1,全閉,全閉,4.5,1,1.3,2.1,全閉,全閉,4.5,1,1.3,2.1,,,,,,
A,2022/2/13,兵庫県,新米,山田錦,50,6,120,32.34,11:38:00,11.63 ,35.40,,,1.4,2.2,全閉,全閉,39.0,39.5,6.0,15:23:00,15.38 ,41.32,0.5,1.3,2.5,全開,6.0,1,0.5,1.3,2.5,全開,6.0,1,0.5,1.3,,,,,,
B,2022/2/14,岡山県,新米,雄町,40,6,120,32.72,11:12:00,11.20 ,34.82,,,1.4,2.1,全閉,全閉,39.0,39.5,6.0,15:25:00,15.42 ,41.14,0.5,1.3,2.5,全開,6.0,1,0.5,1.3,2.5,全開,6.0,1,0.5,1.3,,,,,,
A,2022/2/15,岡山県,新米,雄町GAP,60,6,120,32.50,11:15:00,11.25 ,35.02,,,1.4,2.2,全閉,全閉,39.0,39.5,6.0,15:22:00,15.37 ,41.26,0.5,1.3,2.5,全開,6.0,1,0.5,1.3,2.5,全開,6.0,2,0.6,1.5,,,,,,
A,2022/2/17,兵庫県,新米,山田錦,50,6,115,31.62,10:57:00,10.95 ,34.52,,,1.3,2.1,全閉,全閉,39.0,39.5,6.0,15:17:00,15.28 ,40.94,0.5,1.3,2.5,全開,6.0,1,0.5,1.3,2.5,全開,6.0,1,0.5,1.3,,,,,,
B,2022/2/20,兵庫県,新米,山田錦,50,4,100,32.44,11:05:00,11.08 ,35.44,,,1.4,2.2,全閉,全閉,39.0,39.5,5.5,14:52:00,14.87 ,41.92,0.4,0.9,2.5,全開,5.6,2,0.3,0.8,2.7,全開,5.6,1,0.3,0.8,,,,,,
A,2022/2/21,岡山県,新米,雄町,50,6,145,31.96,10:47:00,10.78 ,33.36,,,1.4,2.2,全閉,全閉,39.0,39.5,6.2,15:46:00,15.77 ,41.18,0.6,1.4,2.5,全開,6.2,1,0.6,1.4,2.5,全開,6.2,1,0.6,1.4,,,,,,
B,2022/2/22,兵庫県,新米,山田錦,50,6,145,32.98,,,,,,1.5,2.3,全閉,全閉,39.0,39.5,6.2,15:19:00,15.32 ,41.96,0.6,1.4,2.5,全開,6.2,1,0.6,1.4,2.5,全開,6.2,2,0.75,1.75,,,,,,
B,2022/2/24,岡山県,新米,雄町,50,6,135,31.96,11:03:00,11.05 ,33.96,,,1.3,2.1,全閉,全閉,39.0,39.5,6.0,15:32:00,15.53 ,41.20,0.5,1.3,2.5,全開,6.0,1,0.5,1.3,2.5,全開,6.0,1,0.5,1.3,,,,,,
A,2022/2/25,岡山県,新米,雄町,50,6,130,32.38,11:00:00,11.00 ,34.38,,,1.3,2.1,全閉,全閉,39.0,39.5,6.0,15:34:00,15.57 ,41.46,0.5,1.3,2.5,全開,6.0,1,0.5,1.3,2.5,全開,6.0,1,0.5,1.3,,,,,,
B,2022/2/26,岡山県,新米,雄町,50,6,117,32.48,11:19:00,11.32 ,34.76,,,1.2,2.0,全閉,全閉,39.0,39.5,5.8,15:20:00,15.33 ,41.48,0.4,1.1,2.5,全開,5.8,1,0.4,1.1,2.5,全開,5.8,1,0.4,1.1,,,,,,
B,2022/2/28,岡山県,新米,雄町,50,4,90,31.64,11:26:00,11.43 ,34.32,,,1.4,2.2,全閉,全閉,39.0,39.5,5.5,15:33:00,15.55 ,41.50,1.4,2.2,全閉,全閉,5.5,1,1.4,2.2,全閉,全閉,5.5,1,1.4,2.2,0.3,0.8,2.7,全開,5.7,
A,2022/3/1,兵庫県,新米,山田錦,50,6,140,33.52,11:02:00,11.03 ,35.90,,,1.5,2.3,全閉,全閉,39.0,39.5,6.2,15:30:00,15.50 ,42.70,0.7,1.6,2.5,全閉,6.2,1,0.7,1.6,2.5,全閉,6.2,2,0.9,1.8,,,,,,
B,2022/3/2,兵庫県,新米,山田錦,50,6,147,32.68,11:03:00,11.05 ,35.46,,,1.5,2.3,全閉,全閉,39.0,39.5,6.2,15:24:00,15.40 ,41.08,0.8,1.7,2.5,全開,6.3,2,0.8,1.8,2.5,全開,6.3,2,1.0,2.0,,,,,,
A,2022/3/3,兵庫県,新米,山田錦,50,6,140,31.96,10:57:00,10.95 ,34.24,,,1.5,2.4,全閉,全閉,39.0,39.5,6.2,15:20:00,15.33 ,41.30,0.9,1.8,2.5,全開,6.2,1,0.9,1.8,2.5,全開,6.2,1,0.9,1.8,,,,,,
B,2022/3/4,兵庫県,新米,山田錦,50,4,90,31.46,11:15:00,11.25 ,34.62,38.0,38.5,1.5,2.3,,,,,,15:24:00,15.40 ,41.60,1.5,2.4,全閉,全閉,5.7,2,1.5,2.3,全閉,全閉,5.7,1,1.5,2.3,0.3,0.8,2.7,全開,,
A,2022/3/5,兵庫県,新米,山田錦,50,6,140,31.74,10:44:00,10.73 ,33.62,,,1.4,2.3,全閉,全閉,39.0,39.5,6.2,15:35:00,15.58 ,41.42,0.8,1.7,2.5,全開,6.2,2,0.9,1.8,2.5,全開,6.2,2,1.0,1.9,,,,,,
B,2022/3/6,兵庫県,新米,山田錦,50,6,135,32.80,10:54:00,10.90 ,35.12,,,1.5,2.4,,,39.0,39.5,6.2,15:23:00,15.38 ,41.72,0.8,1.7,2.5,全開,6.2,1,0.8,1.7,2.5,全開,6.2,1,0.8,1.7,,,,,,
A,2022/3/7,兵庫県,新米,山田錦,50,6,140,32.44,11:07:00,11.12 ,34.56,,,1.5,2.4,全閉,全閉,39.0,39.5,6.2,15:25:00,15.42 ,40.84,0.9,1.8,2.5,全開,6.2,1,0.9,1.8,2.5,全開,6.2,1,0.9,1.8,,,,,,
B,2022/3/8,兵庫県,新米,山田錦,50,6,137,31.88,10:55:00,10.92 ,33.92,,,1.5,2.4,,,,,,15:34:00,15.57 ,40.86,0.9,1.8,2.5,全開,6.2,1,0.9,1.8,2.5,全開,6.2,1,0.9,1.8,,,,,,
A,2022/3/9,兵庫県,新米,山田錦,50,6,130,32.46,11:32:00,11.53 ,35.54,,,1.4,2.3,全閉,全閉,39.0,39.5,6.0,15:22:00,15.37 ,41.36,0.8,1.7,2.5,全開,6.0,1,0.8,1.7,2.5,全開,6.0,1,0.8,1.7,,,,,,
B,2022/3/10,兵庫県,新米,山田錦,50,6,110,32.22,11:22:00,11.37 ,34.94,,,1.3,2.1,全閉,全閉,39.0,39.5,5.8,15:24:00,15.40 ,41.00,0.7,1.6,2.5,全開,5.8,1,0.7,1.6,2.5,全開,5.8,1,0.7,1.6,,,,,,
A,2022/3/11,岡山県,新米,雄町,40,6,140,32.00,10:57:00,10.95 ,33.94,,,1.5,2.4,全閉,全閉,39.0,39.5,6.2,15:35:00,15.58 ,41.26,0.7,1.6,2.5,全開,6.2,2,0.8,1.7,2.5,全開,6.2,1,0.8,1.7,,,,,,
A,2022/3/13,兵庫県,新米,山田錦,40,6,120,31.88,10:34:00,10.57 ,33.54,,,1.4,2.3,全閉,全閉,39.0,39.5,6.0,15:24:00,15.40 ,40.62,0.7,1.6,2.5,全開,6.0,1,0.7,1.6,2.5,全開,6.0,1,0.7,1.6,,,,,,
B,2022/3/14,岡山県,新米,雄町,40,4,90,31.06,11:06:00,11.10 ,33.16,,,,,,,,,,15:48:00,15.80 ,41.10,1.4,2.3,全閉,全閉,5.6,1,1.4,2.3,全閉,全閉,5.6,1,1.4,2.3,0.25,0.75,2.7,全開,5.75,
A,2022/3/15,兵庫県,新米,山田錦,50,6,135,31.86,10:12:00,10.20 ,33.02,,,1.5,2.4,全閉,全閉,39.0,39.5,6.2,15:15:00,15.25 ,41.04,0.8,1.7,2.5,全開,6.2,2,0.9,1.8,2.5,全開,6.2,2,1.0,2.0,,,,,,
A,2022/3/17,兵庫県,新米,山田錦,50,6,135,32.24,10:56:00,10.93 ,34.44,,,1.4,2.3,全閉,全閉,39.0,39.5,6.2,15:23:00,15.38 ,41.40,0.9,1.8,2.5,全開,6.2,1,0.9,1.8,2.5,全開,6.2,1,0.9,1.8,,,,,,
B,2022/3/18,兵庫県,新米,山田錦,50,6,130,32.58,11:19:00,11.32 ,35.34,,,1.5,2.4,全閉,全閉,39.0,39.5,6.2,15:13:00,15.22 ,41.32,0.9,1.8,2.5,全開,6.2,1,0.9,1.8,2.5,全開,6.2,1,0.9,1.8,,,,,,
B,2022/3/20,広島県,新米,山田錦,60,6,125,31.64,10:26:00,10.43 ,33.26,,,1.3,2.1,全閉,全閉,39.0,39.5,6.0,15:22:00,15.37 ,40.98,0.7,1.5,2.5,全開,6.0,1,0.7,1.5,2.5,全開,6.0,1,0.7,1.5,,,,,,
A,2022/3/21,広島県,新米,八反錦,45,6,130,31.60,10:56:00,10.93 ,32.96,,,1.4,2.2,全閉,全閉,,,,15:57:00,15.95 ,40.80,0.6,1.3,2.5,全開,6.2,2,0.8,1.65,2.5,全開,6.2,2,0.4,1.1,,,,,,
B,2022/3/22,兵庫県,新米,山田錦,50,3,60,31.62,,,,,,1.3,2.1,全閉,全閉,39.0,39.5,5.0,15:34:00,15.57 ,41.38,1.3,2.1,全閉,全閉,4.5,1,1.3,2.1,全閉,全閉,4.5,1,1.3,2.1,,,,,,
A,2022/3/23,広島県,新米,八反錦,45,6,130,32.60,11:09:00,11.15 ,34.72,,,1.4,2.2,全閉,全閉,39.0,39.5,6.2,14:59:00,14.98 ,41.02,0.5,1.2,2.5,全開,6.2,1,0.5,1.2,2.5,全開,6.2,2,0.4,1.05,,,,,,
A,2022/3/25,兵庫県,新米,山田錦,55,6,135,33.32,10:30:00,10.50 ,35.50,,,1.5,2.4,全閉,全閉,38.5,39.0,6.2,14:21:00,14.35 ,41.46,1.0,1.9,2.5,全開,6.2,2,0.9,1.8,2.5,全開,6.2,2,1.0,2.0,,,,,,
A,2022/3/27,兵庫県,新米,山田錦,55,6,130,32.52,10:37:00,10.62 ,34.96,,,1.5,2.4,全閉,全閉,38.0,39.0,6.2,14:29:00,14.48 ,41.18,0.9,1.8,2.5,全開,6.2,1,0.9,1.8,2.5,全開,6.2,1,0.9,1.8,,,,,,
B,2022/3/28,兵庫県,新米,山田錦,55,6,140,32.00,,,,,,1.5,2.4,全閉,全閉,39.0,39.5,6.2,15:13:00,15.22 ,41.38,1.0,2.0,2.5,全開,6.2,2,0.9,1.8,2.5,全開,6.2,2,0.9,1.8,,,,,,
A,2022/3/29,兵庫県,新米,山田錦,55,6,130,32.30,11:19:00,11.32 ,35.04,,,1.5,2.4,全閉,全閉,39.0,39.5,6.2,15:14:00,15.23 ,41.74,0.9,1.8,2.5,全開,6.2,1,0.9,1.8,2.5,全開,6.2,1,0.9,1.8,,,,,,
B,2022/3/30,広島県,新米,山田錦,60,6,125,32.18,,,,,,1.4,2.3,全閉,全閉,39.0,39.5,6.0,15:35:00,15.58 ,41.22,0.7,1.5,2.5,全開,6.0,1,0.7,1.5,2.5,全開,6.0,2,0.6,1.3,,,,,,
A,2022/3/31,兵庫県,新米,山田錦,55,6,120,32.58,10:57:00,10.95 ,35.24,,,1.4,2.3,全閉,全閉,39.0,39.5,6.0,15:07:00,15.12 ,41.50,0.8,1.7,2.5,全開,6.0,1,0.8,1.7,2.5,全開,6.0,2,0.9,1.85,,,,,,
B,2022/4/1,兵庫県,新米,山田錦,55,6,110,32.94,10:51:00,10.85 ,35.36,,,1.3,2.1,全閉,全閉,39.0,39.5,6.0,15:04:00,15.07 ,41.88,0.8,1.7,2.5,全開,6.0,1,0.8,1.7,2.5,全開,6.0,1,0.8,1.7,,,,,,
A,2022/4/2,兵庫県,新米,山田錦,55,6,140,32.54,10:25:00,10.42 ,34.82,,,,,,,,,,15:48:00,15.80 ,40.92,1.0,1.9,2.5,全開,6.2,1,1.0,1.9,2.5,全開,6.2,1,1.0,1.9,,,,,,
A,2022/4/4,兵庫県,新米,山田錦,60,6,105,32.86,11:24:00,11.40 ,36.54,,,1.3,2.1,全閉,全閉,39.0,39.5,6.0,13:59:00,13.98 ,40.92,0.8,1.7,2.5,全開,6.0,2,0.7,1.6,2.5,全開,6.0,2,0.8,1.7,,,,,,
B,2022/4/5,兵庫県,新米,山田錦,60,6,135,33.76,10:30:00,10.50 ,,,,,,,,,,,13:54:00,13.90 ,40.04,0.9,1.8,2.5,全開,6.2,1,0.9,1.8,2.5,全開,6.2,2,1.1,2.0,,,,,,
A,2022/4/6,岡山県,新米,山田錦,60,6,125,33.02,10:28:00,10.47 ,34.60,,,1.4,2.3,全閉,全閉,39.0,39.5,6.0,14:30:00,14.50 ,41.06,0.8,1.7,2.5,全開,6.0,2,0.9,1.8,2.5,全開,6.0,1,0.9,1.8,,,,,,
B,2022/4/7,兵庫県,新米,山田錦,60,6,112,,,,,,,1.4,2.2,全閉,全閉,39.0,39.5,6.0,13:52:00,13.87 ,41.20,0.8,1.8,2.5,全開,6.0,2,0.9,1.8,2.5,全開,6.0,2,1.05,2.0,,,,,,
A,2022/4/8,広島県,新米,八反錦,60,6,120,32.44,10:36:00,10.60 ,33.90,,,1.3,2.2,全閉,全閉,39.0,39.5,6.0,15:32:00,15.53 ,41.38,0.6,1.4,2.5,全開,6.0,2,0.8,1.6,2.5,全開,6.0,2,0.6,1.2,,,,,,
B,2022/4/9,兵庫県,新米,山田錦,60,6,100,32.14,10:27:00,10.45 ,34.14,,,1.2,2.1,,,,,5.8,14:53:00,14.88 ,41.26,0.7,1.6,2.5,全開,5.8,1,0.7,1.6,2.5,全開,5.8,2,1.0,2.0,,,,,,
A,2022/4/10,広島県,新米,八反錦,60,6,140,32.00,11:35:00,11.58 ,34.44,,,1.4,2.3,全閉,全閉,39.0,39.5,6.2,15:44:00,15.73 ,40.90,0.7,1.5,2.5,全開,6.2,1,0.7,1.5,2.5,全開,6.2,2,0.5,1.2,,,,,,
B,2022/4/11,広島県,新米,八反錦,60,6,120,32.84,11:23:00,11.38 ,35.34,,,1.4,2.2,全閉,全閉,39.0,39.5,6.0,15:09:00,15.15 ,41.16,0.5,1.3,2.5,全開,6.0,2,0.4,1.1,2.5,全開,6.0,2,0.4,1.0,,,,,,
A,2022/4/12,広島県,新米,八反錦,60,6,140,33.52,10:50:00,10.83 ,35.52,,,1.4,2.2,全閉,全閉,39.0,39.5,6.2,15:07:00,15.12 ,41.82,0.5,1.2,2.5,全開,6.2,2,0.5,1.1,2.5,全開,6.2,1,0.5,1.1,,,,,,
B,2022/4/13,広島県,新米,八反錦,60,6,150,33.74,10:29:00,10.48 ,35.32,,,1.6,2.4,全閉,全閉,38.0,38.5,6.4,14:57:00,14.95 ,41.62,0.6,1.3,2.5,全開,6.4,2,0.6,1.2,2.5,全開,6.4,2,0.6,1.3,,,,,,
A,2022/4/14,広島県,新米,八反錦,60,6,120,32.36,11:17:00,11.28 ,34.90,,,1.3,2.1,,,,,,15:22:00,15.37 ,41.04,0.4,1.1,2.5,全開,6.0,2,0.4,1.2,2.5,全開,6.0,2,0.4,1.1,,,,,,
B,2022/4/15,広島県,新米,八反錦,60,6,150,32.64,11:29:30,11.49 ,35.20,,,,,,,,,,15:15:00,15.25 ,40.78,0.6,1.3,2.5,全開,6.4,1,0.6,1.3,2.5,全開,6.4,2,0.6,1.2,,,,,,
A,2022/4/16,広島県,新米,八反錦,60,4,95,32.18,11:14:00,11.23 ,35.38,,,1.4,2.3,,,,,5.8,15:20:00,15.33 ,41.32,1.4,2.3,全閉,全閉,5.8,2,1.3,2.1,全閉,全閉,5.8,1,1.3,2.1,0.25,0.65,3.1,全開,5.8,
B,2022/4/17,広島県,新米,八反錦,60,6,150,32.00,10:18:00,10.30 ,33.22,,,1.5,2.4,全閉,全閉,39.0,39.5,6.3,15:21:00,15.35 ,40.78,0.6,1.2,2.5,全開,6.3,2,0.7,1.3,2.5,全開,6.3,1,0.7,1.3,,,,,,
A,2022/4/18,広島県,新米,八反錦,60,6,120,32.42,10:35:00,10.58 ,33.96,,,1.3,2.1,全閉,全閉,39.0,39.5,6.0,15:31:00,15.52 ,41.44,0.4,1.1,2.5,全開,6.0,1,0.4,1.1,2.5,全開,6.0,2,0.4,0.9,,,,,,
B,2022/4/19,広島県,新米,八反錦,60,6,125,32.82,10:43:00,10.72 ,34.32,,,1.3,2.1,全閉,全閉,39.0,39.5,6.0,15:10:00,15.17 ,40.92,0.4,1.1,2.5,全開,6.0,2,0.5,1.1,2.5,全開,6.0,2,0.4,1.0,,,,,,
A,2022/4/20,兵庫県,新米,愛山,60,6,120,33.34,10:26:00,10.43 ,35.10,,,1.4,2.2,全閉,全閉,39.0,39.5,6.0,14:48:00,14.80 ,41.32,0.8,1.6,2.5,全開,6.0,2,0.9,1.7,2.5,全開,6.0,1,0.9,1.7,,,,,,
A,2022/4/22,広島県,新米,八反錦,65,6,140,33.50,10:49:00,10.82 ,35.90,,,1.5,2.3,,,,,6.2,14:30:00,14.50 ,41.38,0.7,1.5,2.5,全開,6.2,2,0.8,1.6,2.5,全開,6.2,1,0.8,1.6,,,,,,
A,2022/4/24,広島県,新米,八反錦,65,6,140,32.22,11:39:00,11.65 ,35.50,,,1.4,2.3,全閉,全閉,39.0,39.5,6.2,15:03:00,15.05 ,40.90,0.8,1.6,2.5,全開,6.2,1,0.8,1.6,2.5,全開,6.2,1,0.8,1.6,,,,,,
B,2022/4/25,広島県,新米,八反錦,65,6,120,32.50,10:06:00,10.10 ,33.96,,,1.3,2.2,全閉,全閉,39.0,39.5,6.0,15:06:00,15.10 ,41.44,0.7,1.5,2.5,全開,6.0,2,0.8,1.6,2.5,全開,6.0,2,0.7,1.5,,,,,,
A,2022/4/26,広島県,新米,八反錦,50,4,85,31.12,11:10:00,11.17 ,33.52,,,1.3,2.1,全閉,全閉,39.0,39.5,,15:34:00,15.57 ,40.56,1.3,2.1,全閉,全閉,5.6,1,1.3,2.1,全閉,全閉,5.6,1,1.3,2.1,0.25,0.65,2.7,0.5,5.7,
B,2022/4/27,広島県,新米,八反錦,65,6,140,32.90,10:49:00,10.82 ,35.02,,,1.4,2.3,全閉,全閉,39.0,39.5,6.2,15:08:00,15.13 ,41.60,0.8,1.6,2.5,全開,6.2,2,0.7,1.5,2.5,全開,6.2,1,0.7,1.5,,,,,,
A,2022/4/28,広島県,新米,八反錦,50,6,140,32.62,10:52:00,10.87 ,34.60,,,1.4,2.3,全閉,全閉,39.0,39.5,6.2,15:17:00,15.28 ,41.38,0.7,1.5,2.5,全開,6.2,2,0.8,1.5,2.5,全開,6.2,1,0.8,1.5,,,,,,
B,2022/4/29,広島県,新米,八反錦,50,6,120,32.62,10:56:00,10.93 ,35.08,,,1.3,2.2,全閉,全閉,39.0,39.5,6.0,15:17:00,15.28 ,41.50,0.7,1.4,2.5,全開,6.0,1,0.7,1.4,2.5,全開,6.0,2,0.55,1.25,,,,,,
A,2022/4/30,広島県,新米,八反錦,50,6,140,32.82,11:00:00,11.00 ,35.10,,,1.4,2.3,全閉,全閉,39.0,39.5,6.2,15:06:00,15.10 ,41.32,0.8,1.5,2.5,全開,6.2,1,0.8,1.5,2.5,全開,6.2,2,0.6,1.35,,,,,,
B,2022/5/1,広島県,新米,八反錦,50,4,90,31.84,10:55:00,10.92 ,34.66,,,1.3,2.1,,,39.0,39.5,5.6,15:12:00,15.20 ,41.18,1.4,2.2,全閉,全閉,5.6,2,1.5,2.2,全閉,全閉,5.6,2,1.35,1.95,0.25,0.65,2.7,全開,5.8,
A,2022/5/2,広島県,新米,八反錦,70,6,115,32.76,10:26:00,10.43 ,34.50,,,1.4,2.2,全閉,全閉,39.0,39.5,6.0,14:47:00,14.78 ,40.68,0.6,1.4,2.5,全開,6.0,2,0.7,1.5,2.5,全開,6.0,1,0.7,1.5,,,,,,
A,2022/5/4,広島県,新米,八反錦,70,6,125,32.70,10:51:00,10.85 ,35.00,,,1.4,2.2,全閉,全閉,39.0,39.5,6.0,14:54:00,14.90 ,41.18,0.7,1.5,2.5,全開,6.0,1,0.7,1.5,2.5,全開,6.0,2,0.95,1.85,,,,,,
A,2022/5/6,広島県,新米,八反錦,70,6,130,33.28,10:38:00,10.63 ,35.40,,,1.5,2.3,全閉,全閉,39.0,39.5,6.2,14:33:00,14.55 ,41.58,0.9,1.8,2.5,全開,6.2,2,0.8,1.7,2.5,全開,6.2,1,0.8,1.7,,,,,,
A,2023/9/23,岡山県,古米,八反錦,60,3,55,,,,,,,,,,,,,,,0.00 ,,,,,,,,,,,,,,,,,,,,,
A,2023/9/27,岡山県,古米,山田錦,50,4,80,32.40,9:39:00,9.65 ,33.90,,,1.4,2.2,,,,,,14:38:00,14.63 ,41.64,1.4,2.2,全閉,全閉,5.0,1,1.4,2.2,全閉,全閉,5.0,1,1.4,2.2,0.25,0.75,2.5,全開,5.5,
B,2023/9/30,広島県,古米,八反錦,60,6,115,33.70,11:26:00,11.43 ,37.22,,,1.3,2.2,全閉,全閉,39.0,39.5,6.0,14:10:00,14.17 ,41.30,0.7,1.5,2.5,全開,6.0,1,0.7,1.5,2.5,全開,6.0,1,0.7,1.5,,,,,,
A,2023/10/2,広島県,古米,八反錦,60,3,75,32.60,10:55:00,10.92 ,34.74,,,,,,,,,,,0.00 ,40.78,1.4,2.2,全閉,全閉,5.0,1,1.4,2.2,全閉,全閉,5.0,1,1.4,2.2,0.25,0.65,2.5,全開,5.5,
B,2023/10/3,広島県,古米,八反錦,60,6,110,32.36,11:09:00,11.15 ,34.70,,,1.4,2.2,全閉,全閉,39.0,39.5,6.0,14:54:00,14.90 ,40.88,0.7,1.5,2.5,全開,6.0,1,0.7,1.5,2.5,全開,6.0,2,0.6,1.3,,,,,,
A,2023/10/4,岡山県,古米,山田錦,50,6,130,,,,,,,1.5,2.3,,,,,,14:41:00,14.68 ,41.44,0.9,1.7,2.5,全開,6.2,2,0.7,1.7,2.5,全開,6.2,2,0.7,1.3,,,,,,
B,2023/10/5,広島県,古米,八反錦,60,3,60,32.70,10:46:00,10.77 ,35.86,,,1.3,2.1,,,,,,14:50:00,14.83 ,,1.3,2.1,全閉,全閉,4.3,1,1.3,2.1,全閉,全閉,4.3,2,1.2,2.0,0.25,0.65,2.5,1.0,5.0,
A,2023/10/6,岡山県,古米,山田錦,50,6,135,32.26,11:38:00,11.63 ,35.58,,,,,,,,,6.2,14:53:00,14.88 ,40.94,0.7,1.5,2.5,全開,6.2,2,0.8,1.6,2.5,全開,6.2,1,0.8,1.6,,,,,,
B,2023/10/7,岡山県,古米,山田錦,50,6,110,,10:44:00,10.73 ,34.54,,,1.3,2.1,全閉,全閉,39.0,39.5,6.0,15:04:00,15.07 ,41.20,0.6,1.4,2.5,全開,6.0,2,0.7,1.5,2.5,全開,6.0,1,0.7,1.5,,,,,,
A,2023/10/8,岡山県,古米,山田錦,50,6,135,32.16,10:31:00,10.52 ,33.76,,,1.4,2.3,,,,,,15:09:00,15.15 ,40.62,0.8,1.6,2.5,全開,6.3,1,0.8,1.6,2.5,全開,6.3,2,0.7,1.5,,,,,,
B,2023/10/9,岡山県,古米,山田錦,50,5,105,32.08,10:06:00,10.10 ,33.44,,,1.4,2.2,全閉,全閉,39.0,39.5,6.2,,,,0.7,1.5,2.5,全開,6.2,1,0.7,1.5,2.5,全開,6.2,2,0.6,1.3,,,,,,
B,2023/10/9,広島県,新米,雄町,40,1,15,32.08,10:06:00,10.10 ,33.44,,,1.4,2.2,全閉,全閉,39.0,39.5,6.2,,,,0.7,1.5,2.5,全開,6.2,1,0.7,1.5,2.5,全開,6.2,2,0.6,1.3,,,,,,
A,2023/10/10,広島県,古米,八反錦,60,6,150,32.92,10:00:00,10.00 ,34.60,,,,,,,,,,15:05:00,15.08 ,41.68,0.8,1.7,2.5,全開,6.4,2,0.9,1.8,2.5,全開,6.4,2,0.8,1.7,,,,,,
B,2023/10/11,岡山県,古米,山田錦,50,6,135,32.40,,,,,,1.4,2.2,全閉,全閉,39.0,39.5,,15:20:00,15.33 ,41.62,0.6,1.4,2.5,全開,6.2,1,0.6,1.4,2.5,全開,6.2,1,0.6,1.4,,,,,,
A,2023/10/12,広島県,古米,八反錦,60,6,140,32.36,11:18:00,11.30 ,35.56,,,1.5,2.3,全閉,全閉,39.0,39.5,6.4,,,,0.8,1.7,2.5,全開,6.4,2,0.7,1.6,2.5,全開,6.4,1,0.7,1.6,,,,,,
B,2023/10/13,広島県,古米,八反錦,60,6,150,32.56,11:55:00,11.92 ,36.26,,,1.6,2.4,全閉,全閉,39.0,39.5,6.4,15:20:00,15.33 ,40.88,0.8,1.7,2.5,全開,6.4,2,0.7,1.6,2.5,全開,6.4,2,0.6,1.4,,,,,,
A,2023/10/14,広島県,古米,八反錦,60,6,140,32.72,,,,,,,,,,,,,14:56:00,14.93 ,41.08,0.7,1.5,2.5,全開,6.3,2,0.6,1.4,2.5,全開,6.3,2,0.6,1.3,,,,,,
B,2023/10/15,岡山県,古米,山田錦,50,3,60,32.24,10:57:00,10.95 ,35.62,,,1.3,2.1,全閉,全閉,39.0,39.5,4.3,15:10:00,15.17 ,41.38,1.3,2.1,全閉,全閉,4.3,2,1.4,2.2,全閉,全閉,4.3,2,1.3,2.1,0.2,0.6,2.5,1.0,5.0,
A,2023/10/16,広島県,古米,八反錦,60,6,140,32.08,11:37:00,11.62 ,35.24,,,,,,,,,,15:10:00,15.17 ,40.42,0.6,1.4,2.5,全開,6.3,1,0.6,1.4,2.5,全開,6.3,2,0.5,1.2,,,,,,
B,2023/10/19,広島県,古米,八反錦,60,6,140,33.08,,,,,,,,,,,,,,0.00 ,41.60,0.5,1.3,2.5,全開,6.3,2,0.4,1.2,2.5,全開,6.3,2,0.3,1.1,,,,,,
A,2023/10/20,広島県,古米,雄町,40,6,120,32.36,11:07:00,11.12 ,35.82,,,,,,,,,,15:05:00,15.08 ,41.02,0.7,1.5,2.5,全開,6.0,1,0.7,1.5,2.5,全開,6.0,2,0.6,1.4,,,,,,
B,2023/10/21,広島県,古米,八反錦,60,6,141,32.88,10:48:00,10.80 ,35.08,,,,,,,,,,15:07:00,15.12 ,41.04,0.5,1.3,2.5,全開,6.3,2,0.4,1.2,2.5,全開,6.3,2,0.4,1.0,,,,,,
A,2023/10/22,岡山県,古米,山田錦,50,4,80,30.96,11:35:00,11.58 ,34.20,,,1.4,2.2,,,,,,15:15:00,15.25 ,40.60,1.4,2.2,全閉,全閉,5.0,2,1.3,2.1,全閉,全閉,5.0,2,1.2,1.9,0.25,0.65,2.5,1.0,5.5,
A,2023/10/26,岡山県,古米,山田錦,50,6,110,,11:45:00,11.75 ,36.32,,,1.2,2.1,全閉,全閉,39.0,39.5,6.0,14:42:00,14.70 ,40.98,0.9,1.7,2.5,全開,6.0,2,0.8,1.6,2.5,全開,6.0,1,0.8,1.6,,,,,,
B,2023/10/27,岡山県,古米,雄町,50,3,45,31.86,11:54:00,11.90 ,37.10,,,,,,,,,,14:49:00,14.82 ,41.20,1.1,2.0,全閉,全閉,4.2,2,1.2,2.1,全閉,全閉,4.2,1,1.2,2.1,,,,,,
A,2023/10/28,岡山県,古米,山田錦,50,6,145,32.56,12:58:00,12.97 ,39.42,,,1.5,2.4,,,,,,14:48:00,14.80 ,41.42,0.8,1.7,2.5,全開,6.4,1,0.8,1.7,2.5,全開,6.4,1,0.8,1.7,,,,,,
B,2023/10/29,岡山県,古米,山田錦,50,6,140,32.64,11:43:00,11.72 ,36.84,,,1.5,2.4,,,,,,14:28:00,14.47 ,40.96,0.7,1.6,2.5,全開,6.3,2,0.6,1.5,2.5,全開,6.3,1,0.6,1.5,,,,,,
A,2023/10/30,兵庫県,古米,山田錦,50,6,120,,10:59:00,10.98 ,34.38,,,1.4,2.2,全閉,全閉,39.0,39.5,6.0,14:49:00,14.82 ,41.10,0.7,1.5,2.5,全開,6.0,1,0.7,1.5,2.5,全開,6.0,1,0.7,1.5,,,,,,
B,2023/10/31,兵庫県,古米,山田錦,50,6,140,32.18,11:34:00,11.57 ,35.84,,,1.5,2.3,全閉,全閉,39.0,39.5,6.4,14:54:00,14.90 ,41.56,0.8,1.7,2.5,全開,6.4,1,0.8,1.7,2.5,全開,6.4,2,0.9,1.9,,,,,,
A,2023/11/1,広島県,新米,八反錦,65,6,140,32.70,11:31:00,11.52 ,36.44,,,,,,,,,,14:49:00,14.82 ,41.58,0.7,1.5,2.5,全開,6.5,1,0.7,1.5,2.5,全開,6.5,2,0.6,1.3,,,,,,
B,2023/11/2,岡山県,古米,山田錦,50,3,65,32.52,11:20:00,11.33 ,36.44,,,1.3,2.1,全閉,全閉,39.0,39.5,4.6,14:33:00,14.55 ,41.78,1.4,2.1,全閉,全閉,4.6,1,1.4,2.1,全閉,全閉,4.6,2,1.5,2.2,,,,,,
A,2023/11/3,広島県,新米,八反錦,65,6,140,32.56,13:06:00,13.10 ,38.98,,,1.5,2.3,全閉,全閉,39.0,39.5,6.5,14:53:00,14.88 ,41.28,0.7,1.5,2.5,全開,6.5,2,0.8,1.6,2.5,全開,6.5,2,0.6,1.4,,,,,,
B,2023/11/4,広島県,新米,八反錦,65,6,120,32.50,11:52:00,11.87 ,36.88,,,,,,,,,,14:56:00,14.93 ,41.36,0.6,1.3,2.5,全開,6.0,1,0.6,1.3,2.5,全開,6.0,2,0.5,1.2,,,,,,
A,2023/11/5,広島県,新米,八反錦,60,6,140,32.80,10:30:00,10.50 ,35.40,,,1.5,2.3,全閉,全閉,39.0,39.5,6.4,14:23:00,14.38 ,41.10,0.7,1.5,2.5,全開,6.4,1,0.7,1.5,2.5,全開,6.4,2,0.7,1.4,,,,,,
B,2023/11/6,広島県,新米,八反錦,65,6,120,32.84,,,,,,1.4,2.2,全閉,全閉,39.0,39.5,6.0,14:47:00,14.78 ,41.28,0.6,1.3,2.5,全開,6.0,1,0.6,1.3,2.5,全開,6.0,2,0.5,1.1,,,,,,
A,2023/11/7,岡山県,古米,雄町,50,6,120,33.02,10:11:00,10.18 ,35.10,,,1.4,2.3,全閉,全閉,39.0,39.5,6.0,14:24:00,14.40 ,41.40,0.7,1.5,2.5,全開,6.0,1,0.7,1.5,2.5,全開,6.0,2,0.6,1.4,,,,,,
B,2023/11/8,広島県,新米,八反錦,60,4,100,31.82,13:03:00,13.05 ,38.02,,,1.5,2.4,全閉,全閉,39.0,39.5,6.3,14:55:00,14.92 ,40.62,0.6,1.4,2.5,全開,6.3,2,0.7,1.5,2.5,全開,6.3,2,0.6,1.3,,,,,,
B,2023/11/8,兵庫県,新米,山田錦,40,2,35,31.82,13:03:00,13.05 ,38.02,,,1.5,2.4,全閉,全閉,39.0,39.5,6.3,14:55:00,14.92 ,40.62,0.6,1.4,2.5,全開,6.3,2,0.7,1.5,2.5,全開,6.3,2,0.6,1.3,,,,,,
A,2023/11/9,岡山県,古米,雄町,50,6,115,31.64,11:55:00,11.92 ,35.26,,,1.3,2.1,全閉,全閉,39.0,39.5,6.0,15:08:00,15.13 ,41.00,0.5,1.3,2.5,全開,6.0,1,0.5,1.3,2.5,全開,6.0,2,0.4,1.1,,,,,,
B,2023/11/10,岡山県,古米,雄町,50,6,140,33.14,11:32:00,11.53 ,37.02,,,1.5,2.3,全閉,全閉,39.0,39.5,6.4,14:22:00,14.37 ,41.28,0.7,1.5,2.5,全開,6.4,2,0.7,1.4,2.5,全開,6.4,2,0.6,1.3,,,,,,
A,2023/11/11,兵庫県,古米,山田錦,50,6,140,33.72,,,,,,1.5,2.4,全閉,全閉,39.0,39.5,6.4,14:15:00,14.25 ,41.40,0.8,1.6,2.5,全開,6.4,2,0.9,1.5,2.5,全開,6.4,2,0.7,1.5,,,,,,
B,2023/11/12,広島県,新米,雄町,40,2,35,30.62,10:22:00,10.37 ,35.04,,,1.0,1.8,全閉,全閉,39.0,39.5,4.2,14:30:00,14.50 ,40.84,0.8,1.6,全閉,全閉,3.8,1,0.8,1.6,全閉,全閉,3.8,2,0.6,1.3,,,,,,
A,2023/11/13,兵庫県,古米,山田錦,50,6,140,32.20,11:38:00,11.63 ,35.80,,,1.5,2.4,全閉,全閉,39.0,39.5,6.4,14:30:00,14.50 ,40.70,0.7,1.5,2.5,全開,6.4,1,0.7,1.5,2.5,全開,6.4,1,0.7,1.5,,,,,,
B,2023/11/14,岡山県,古米,山田錦,50,6,120,31.88,11:55:00,11.92 ,36.10,,,,,,,,,,14:12:00,14.20 ,40.54,0.6,1.4,2.5,全開,6.0,1,0.6,1.4,2.5,全開,6.0,2,0.5,1.2,,,,,,
A,2023/11/15,岡山県,古米,山田錦,60,6,125,33.52,,,,,,,,,,,,,14:07:00,14.12 ,40.62,0.6,1.4,2.5,全開,6.2,1,0.6,1.4,2.5,全開,6.2,1,0.6,1.4,,,,,,
B,2023/11/16,兵庫県,新米,山田錦,50,6,120,32.42,10:24:00,10.40 ,34.38,,,1.3,2.1,全閉,全閉,39.0,39.5,6.0,14:34:00,14.57 ,40.78,0.6,1.4,2.5,全開,6.0,1,0.6,1.4,2.5,全開,6.0,2,0.5,1.2,,,,,,
A,2023/11/17,岡山県,古米,山田錦,60,6,125,33.22,,,,,,1.3,2.1,全閉,全閉,39.0,39.5,6.2,14:19:00,14.32 ,,0.6,1.4,2.5,全開,6.2,1,0.6,1.4,2.5,全開,6.2,1,0.6,1.4,,,,,,
B,2023/11/18,岡山県,古米,山田錦,60,6,120,32.88,,,,,,1.3,2.1,全閉,全閉,39.0,39.5,6.0,14:16:00,14.27 ,41.92,0.6,1.4,2.5,全開,6.0,1,0.6,1.4,2.5,全開,6.0,1,0.6,1.4,,,,,,
A,2023/11/19,兵庫県,新米,山田錦,50,6,110,32.90,11:51:00,11.85 ,35.64,,,,,,,,,,14:25:00,14.42 ,40.44,0.5,1.2,2.5,全開,5.8,1,0.5,1.2,2.5,全開,5.8,2,0.5,1.1,,,,,,
B,2023/11/20,岡山県,古米,山田錦,60,4,85,31.82,10:34:00,10.57 ,34.96,,,,,,,,,,14:22:00,14.37 ,41.36,1.5,2.3,全閉,全閉,5.3,2,1.6,2.5,,,5.3,2,1.6,2.6,0.4,0.8,2.5,1.0,5.5,
A,2023/11/21,兵庫県,新米,山田錦,40,6,125,31.66,11:53:00,11.88 ,35.00,,,,,,,,,,15:38:00,15.63 ,41.74,0.6,1.3,2.5,全開,6.2,1,0.6,1.3,2.5,全開,6.2,1,0.6,1.3,,,,,,
B,2023/11/22,兵庫県,新米,山田錦,50,6,105,32.40,11:46:00,11.77 ,35.98,,,,,,,,,,15:23:00,15.38 ,41.40,0.4,1.1,2.5,全開,5.8,2,0.5,1.2,2.5,,5.8,2,0.4,1.1,,,,,,
A,2023/11/23,兵庫県,新米,山田錦,40,6,125,31.96,13:05:00,13.08 ,37.86,,,1.3,2.1,全閉,全閉,39.0,39.5,6.0,15:22:00,15.37 ,41.20,0.6,1.2,2.5,全開,6.0,1,0.6,1.2,2.5,全開,6.0,1,0.6,1.2,,,,,,
B,2023/11/24,広島県,新米,八反錦,60,3,60,31.50,,,,,,,,,,,,,15:29:00,15.48 ,40.76,1.2,2.0,全閉,全閉,4.8,1,1.2,2.0,全閉,全閉,4.8,1,1.2,2.0,,,,,,
A,2023/11/25,岡山県,新米,雄町,40,4,90,,11:43:00,11.72 ,34.02,,,,,,,,,,15:33:00,15.55 ,40.76,1.4,2.1,全閉,全閉,5.3,1,1.4,2.1,全閉,全閉,5.3,2,1.3,1.9,0.25,0.75,2.5,1.0,5.5,
B,2023/11/26,兵庫県,新米,山田錦,40,4,80,30.92,11:42:00,11.70 ,33.62,,,,,,,,,,15:58:00,15.97 ,40.90,1.3,2.0,全閉,全閉,5.0,1,1.3,2.0,全閉,全閉,5.0,2,1.2,1.8,0.25,0.65,2.5,1.0,5.3,
A,2023/11/27,岡山県,新米,雄町,40,4,85,31.10,11:41:00,11.68 ,34.34,,,1.3,2.0,全閉,全閉,39.0,39.5,5.3,15:48:00,15.80 ,41.48,1.3,2.0,全閉,全閉,5.3,2,1.4,2.1,全閉,全閉,5.3,2,1.6,2.3,0.3,0.75,2.5,1.0,,
B,2023/11/28,岡山県,新米,雄町,40,4,100,31.18,,,,,,1.5,2.3,全閉,全閉,39.0,39.5,,15:43:00,15.72 ,40.90,1.5,2.3,全閉,全閉,5.7,2,1.6,2.4,全閉,全閉,5.7,2,1.5,2.3,,,,,,
A,2023/11/29,兵庫県,新米,山田錦,50,6,140,32.50,10:57:00,10.95 ,34.98,,,1.4,2.3,全閉,全閉,39.0,39.5,6.3,15:25:00,15.42 ,41.64,0.7,1.5,2.5,全開,6.3,2,0.6,1.5,2.5,全開,6.3,2,0.6,1.6,,,,,,
B,2023/11/30,兵庫県,新米,山田錦,50,6,115,31.62,10:51:00,10.85 ,34.16,,,1.3,2.1,全閉,全閉,39.0,39.5,5.8,15:26:00,15.43 ,41.30,0.5,1.2,2.5,全開,5.8,2,0.5,1.1,2.5,全開,5.8,1,0.5,1.1,,,,,,
A,2023/12/1,兵庫県,新米,山田錦,50,6,140,31.74,10:54:00,10.90 ,34.30,,,,,,,,,,,0.00 ,,0.7,1.5,2.5,全開,6.3,2,0.6,1.4,2.5,全開,6.3,2,0.6,1.3,,,,,,
B,2023/12/2,兵庫県,新米,山田錦,50,6,145,31.80,11:09:00,11.15 ,34.52,,,1.5,2.3,全閉,全閉,39.0,39.5,6.4,15:22:00,15.37 ,41.06,0.7,1.5,2.5,全開,6.4,2,0.6,1.4,2.5,全開,6.4,2,0.6,1.2,,,,,,
A,2023/12/3,兵庫県,新米,山田錦,50,6,150,31.54,10:37:00,10.62 ,33.52,,,1.5,2.3,全閉,全閉,39.0,39.5,6.4,15:37:00,15.62 ,41.08,0.7,1.5,2.5,全開,6.4,1,0.7,1.5,2.5,全開,6.4,2,0.6,1.3,,,,,,
A,2023/12/5,広島県,新米,八反錦,60,6,140,31.38,11:05:00,11.08 ,34.04,,,1.5,2.3,全閉,全閉,39.0,39.5,6.4,15:36:00,15.60 ,41.38,0.7,1.4,2.5,全開,6.4,2,0.6,1.3,2.5,全開,6.4,2,0.6,1.2,,,,,,
B,2023/12/6,兵庫県,新米,山田錦,50,6,145,32.42,11:26:00,11.43 ,35.54,,,,,,,,,,15:24:00,15.40 ,41.30,0.7,1.5,2.5,全開,6.4,2,0.7,1.4,2.5,全開,6.4,1,0.7,1.4,,,,,,
A,2023/12/7,広島県,新米,八反錦,60,6,140,32.24,12:16:00,12.27 ,37.06,,,,,,,,,,15:16:00,15.27 ,41.20,0.6,1.4,2.5,全開,6.4,2,0.6,1.3,2.5,全開,6.4,2,0.5,1.2,,,,,,
B,2023/12/8,広島県,新米,八反錦,60,6,120,32.24,10:42:00,10.70 ,34.62,,,,,,,,,,15:20:00,15.33 ,41.42,0.5,1.2,2.5,全開,6.0,2,0.4,1.2,2.5,全開,6.0,2,0.4,1.1,,,,,,
A,2023/12/9,兵庫県,新米,山田錦,50,6,147,32.66,13:00:00,13.00 ,38.70,,,,,,,,,,15:14:00,15.23 ,41.74,0.7,1.5,2.5,全開,6.4,2,0.6,1.5,2.5,全開,6.4,1,0.6,1.5,,,,,,
B,2023/12/10,広島県,新米,八反錦,60,6,120,32.44,,,,,,,,,,,,,15:10:00,15.17 ,41.22,0.5,1.2,2.5,全開,6.0,1,0.5,1.2,2.5,全開,6.0,2,0.5,1.1,,,,,,
A,2023/12/11,兵庫県,新米,山田錦,50,6,115,32.76,11:08:00,11.13 ,35.62,,,,,,,,,,15:03:00,15.05 ,41.16,0.5,1.2,2.5,全開,6.0,2,0.4,1.2,2.5,全開,6.0,2,0.4,1.15,,,,,,
B,2023/12/12,兵庫県,新米,山田錦,50,6,105,32.44,11:47:00,11.78 ,36.40,,,,,,,,,5.8,15:16:00,15.27 ,41.30,0.4,1.2,2.5,全開,5.8,1,0.4,1.2,2.5,全開,5.8,1,0.4,1.2,,,,,,
A,2023/12/13,兵庫県,新米,山田錦,60,6,125,32.42,11:25:00,11.42 ,35.60,,,,,,,,,,15:20:00,15.33 ,41.80,0.7,1.4,2.5,全開,6.2,1,0.7,1.4,2.5,全開,6.2,2,0.6,1.2,,,,,,
B,2023/12/14,岡山県,新米,雄町GAP,60,1,20,31.46,11:17:00,11.28 ,34.46,,,,,,,,,,15:16:00,15.27 ,41.16,0.6,1.3,2.5,全開,6.3,2,0.7,1.3,2.5,全開,6.3,2,0.6,1.1,,,,,,
B,2023/12/14,兵庫県,新米,山田錦,50,5,110,31.46,11:17:00,11.28 ,34.36,,,,,,,,,,15:16:00,15.27 ,41.16,0.6,1.3,2.5,全開,6.3,2,0.7,1.3,2.5,全開,6.3,2,0.6,1.1,,,,,,
A,2023/12/15,兵庫県,新米,山田錦,50,6,130,32.00,11:07:00,11.12 ,34.58,,,,,,,,,,15:16:00,15.27 ,40.94,0.7,1.5,2.5,全開,6.4,2,0.7,1.4,2.5,全開,6.4,2,0.7,1.3,,,,,,
B,2023/12/16,広島県,新米,八反錦呉産,60,6,120,32.04,10:37:00,10.62 ,34.60,,,,,,,,,,15:00:00,15.00 ,41.62,0.6,1.3,2.5,全開,6.0,2,0.5,1.2,2.5,全開,6.0,1,0.5,1.2,,,,,,
A,2023/12/17,岡山県,新米,朝日,50,4,100,31.48,10:39:00,10.65 ,33.86,,,1.5,2.3,全閉,全閉,39.0,39.5,5.5,15:25:00,15.42 ,41.06,1.5,2.3,全閉,全閉,5.5,2,1.5,2.0,全閉,全閉,5.5,2,1.4,1.8,0.35,0.75,2.5,1.0,,
B,2023/12/18,広島県,新米,八反錦呉産,60,1,20,30.74,11:18:00,11.30 ,33.28,,,,,,,,,,15:34:00,15.57 ,40.92,0.6,1.3,2.5,全開,6.2,2,0.5,1.1,2.5,全開,6.2,2,0.4,0.9,,,,,,
B,2023/12/18,兵庫県,新米,山田錦,50,5,110,30.74,11:18:00,11.30 ,33.28,,,,,,,,,,15:34:00,15.57 ,40.92,0.6,1.3,2.5,全開,6.2,2,0.5,1.1,2.5,全開,6.2,2,0.4,0.9,,,,,,
A,2023/12/19,岡山県,新米,朝日,50,6,125,31.58,12:57:00,12.95 ,36.10,,,,,,,,,,15:44:00,15.73 ,40.60,0.4,1.0,2.5,全開,6.0,2,0.4,0.9,2.5,全開,6.0,2,0.4,0.8,,,,,,
B,2023/12/20,岡山県,新米,朝日,50,6,135,32.30,11:24:00,11.40 ,34.94,,,,,,,,,,15:24:00,15.40 ,,0.4,1.0,2.7,全開,6.2,2,0.4,0.8,2.7,全開,6.2,2,0.3,0.5,,,,,,
A,2023/12/21,兵庫県,新米,山田錦,50,6,110,31.60,10:50:00,10.83 ,33.98,,,,,,,,,,15:14:00,15.23 ,40.88,0.5,1.2,2.7,全開,5.8,2,0.5,1.0,2.7,全開,5.8,2,0.4,0.8,,,,,,
B,2023/12/22,岡山県,新米,雄町,50,3,55,31.76,10:41:00,10.68 ,34.02,,,,,,,,,,15:13:00,15.22 ,40.62,1.2,1.9,全閉,全閉,4.8,2,1.3,1.9,全閉,全閉,4.8,1,1.3,1.9,,,,,,
A,2023/12/23,兵庫県,新米,山田錦,50,6,150,31.64,10:47:00,10.78 ,33.62,,,,,,,,,,15:13:00,15.22 ,40.92,0.8,1.5,2.5,全開,6.4,2,0.6,1.4,2.5,全開,6.4,1,0.6,1.4,,,,,,
B,2023/12/24,兵庫県,新米,山田錦,50,6,140,32.02,11:25:00,11.42 ,34.94,,,,,,,,,,15:19:00,15.32 ,40.86,0.7,1.3,2.5,全開,6.4,1,0.7,1.3,2.5,全開,6.4,1,0.7,1.3,,,,,,
A,2023/12/25,岡山県,新米,雄町GAP,60,4,95,31.60,10:49:00,10.82 ,34.18,,,,,,,,,,15:18:00,15.30 ,41.24,1.5,2.3,全閉,全閉,5.5,2,1.6,2.2,全閉,全閉,5.5,1,1.6,2.2,0.35,0.75,2.7,全開,5.5,
B,2023/12/26,広島県,新米,八反錦呉産,60,6,120,31.98,10:59:00,10.98 ,34.68,,,1.3,2.1,全閉,全閉,39.0,39.5,6.0,15:02:00,15.03 ,41.02,0.5,1.2,2.5,全開,6.0,2,0.5,1.1,2.5,全開,6.0,2,0.4,0.9,,,,,,
A,2023/12/27,岡山県,新米,雄町GAP,60,4,80,31.62,10:12:00,10.20 ,33.46,,,,,,,,,,15:05:00,15.08 ,41.58,1.4,2.1,全閉,全閉,5.3,2,1.5,2.2,全閉,全閉,5.3,1,1.5,2.2,0.25,0.67,2.1,1.0,5.5,
B,2023/12/28,兵庫県,新米,山田錦,50,4,90,31.38,10:46:00,10.77 ,33.74,,,,,,,,,,15:19:00,15.32 ,40.90,1.5,2.2,全閉,全閉,5.5,2,1.5,2.0,全閉,全閉,5.5,1,1.5,2.0,0.25,0.65,2.7,1.0,5.8,
A,2023/12/29,広島県,新米,八反錦呉産,60,6,145,32.64,10:48:00,10.80 ,35.26,,,,,,,,,,15:11:00,15.18 ,41.18,0.7,1.4,2.5,全開,6.4,1,0.7,1.4,2.5,全開,6.4,2,0.7,1.3,,,,,,
B,2023/12/30,広島県,新米,八反錦呉産,60,6,145,32.28,10:37:00,10.62 ,34.84,,,,,,,,,,15:01:00,15.02 ,40.90,0.7,1.4,2.5,全開,6.4,1,0.7,1.4,2.5,全開,6.4,1,0.7,1.4,,,,,,
A,2024/1/2,広島県,新米,八反錦呉産,60,6,130,32.92,10:18:00,10.30 ,34.98,,,1.5,2.4,全閉,全閉,39.0,39.5,6.2,14:31:00,14.52 ,41.84,0.6,1.3,2.5,全開,6.2,2,0.5,1.3,2.5,全開,6.2,2,0.5,1.2,,,,,,
B,2024/1/3,兵庫県,新米,山田錦,35,3,55,31.30,10:50:00,10.83 ,34.94,,,,,,,,,,15:09:00,15.15 ,42.20,1.4,2.1,全閉,全閉,4.8,2,1.5,2.2,全閉,全閉,4.8,2,1.4,2.1,,,,,,
A,2024/1/4,岡山県,新米,雄町,50,6,135,32.02,11:15:00,11.25 ,34.94,,,,,,,,,,15:11:00,15.18 ,41.10,0.6,1.3,2.5,全開,6.2,2,0.6,1.2,2.5,全開,6.2,2,0.6,1.0,,,,,,
B,2024/1/5,広島県,新米,八反錦呉産,60,6,110,32.10,10:53:00,10.88 ,34.62,,,,,,,,,,14:54:00,14.90 ,40.78,0.4,1.1,2.5,全開,6.0,2,0.3,1.0,2.5,全開,6.0,2,0.2,0.75,,,,,,
A,2024/1/6,岡山県,新米,雄町,50,6,135,32.20,10:49:00,10.82 ,34.42,,,1.4,2.3,全閉,全閉,39.0,39.5,6.2,15:13:00,15.22 ,41.18,0.6,1.2,2.5,全開,6.2,1,0.6,1.2,2.5,全開,6.2,2,0.6,1.0,,,,,,
B,2024/1/7,岡山県,新米,雄町,50,6,150,32.50,11:12:00,11.20 ,35.32,,,,,,,,,,15:03:00,15.05 ,41.26,0.7,1.3,2.5,全開,6.4,1,0.7,1.3,2.5,全開,6.4,2,0.5,1.1,,,,,,
A,2024/1/8,広島県,新米,八反錦,65,6,140,31.94,10:47:00,10.78 ,34.10,,,1.5,2.3,全閉,全閉,39.0,39.5,6.4,15:13:00,15.22 ,40.70,0.6,1.3,2.5,全開,6.3,2,0.5,1.1,2.5,全開,6.3,2,0.4,0.9,,,,,,
B,2024/1/9,兵庫県,新米,山田錦,35,3,57,31.06,11:06:00,11.10 ,35.20,,,,,,,,,,15:02:00,15.03 ,41.46,1.5,2.0,全閉,全閉,4.8,2,1.7,2.0,全閉,全閉,4.8,2,1.7,1.9,,,,,,
A,2024/1/10,兵庫県,新米,山田錦,50,6,140,31.48,10:55:00,10.92 ,33.36,,,,,,,,,,15:11:00,15.18 ,40.74,0.5,1.2,2.5,全開,6.3,2,0.5,1.0,2.5,全開,6.3,2,0.4,0.8,,,,,,
B,2024/1/11,広島県,新米,八反錦,65,6,120,32.36,10:44:00,10.73 ,34.42,,,1.4,2.2,全閉,全閉,39.0,39.5,6.0,15:24:00,15.40 ,41.00,0.5,1.1,2.5,全開,6.0,2,0.4,1.1,2.5,全開,6.0,2,0.3,0.8,,,,,,
A,2024/1/12,兵庫県,新米,山田錦,50,6,140,32.12,10:40:00,10.67 ,34.04,39.0,39.5,1.5,2.35,全閉,全閉,39.0,39.5,6.3,15:11:00,15.18 ,41.10,0.5,1.2,2.5,全開,6.3,1,0.5,1.2,2.5,全開,6.3,2,0.5,1.0,,,,,,
B,2024/1/13,兵庫県,新米,山田錦,50,6,150,32.42,10:49:00,10.82 ,34.98,39.0,39.5,1.6,2.4,全閉,全閉,39.0,39.5,6.4,15:18:00,15.30 ,41.62,0.7,1.4,2.5,全開,6.4,2,0.6,1.3,2.5,全開,6.4,2,0.6,1.4,,,,,,
A,2024/1/14,兵庫県,新米,山田錦,50,6,140,32.12,10:31:00,10.52 ,33.96,,,,,,,,,,15:00:00,15.00 ,40.66,0.5,1.2,2.5,全開,6.3,1,0.5,1.2,2.5,全開,6.3,2,0.5,0.9,,,,,,
A,2024/1/16,兵庫県,新米,山田錦,35,4,95,31.12,10:42:00,10.70 ,35.00,,,,,,,,,,14:43:00,14.72 ,40.68,1.5,2.2,全閉,全閉,5.5,2,1.3,2.0,全閉,全閉,5.5,2,1.5,2.2,0.25,0.65,2.7,1.0,5.7,
B,2024/1/17,兵庫県,新米,山田錦,50,6,110,31.46,10:38:00,10.63 ,33.42,,,,,,,,,,15:05:00,15.08 ,,0.4,1.0,2.7,1.0,5.8,2,0.4,0.8,2.7,1.0,5.8,2,0.3,0.5,,,,,,
A,2024/1/18,兵庫県,新米,山田錦,35,4,100,30.88,10:54:00,10.90 ,33.90,,,1.5,2.2,全閉,全閉,39.0,39.5,5.7,15:12:00,15.20 ,41.24,1.6,2.2,全閉,全閉,5.7,2,1.75,2.2,全閉,全閉,5.7,1,1.75,2.2,,,,,,
B,2024/1/19,兵庫県,新米,山田錦,35,4,90,30.74,11:17:00,11.28 ,34.54,,,,,,,,,,15:06:00,15.10 ,41.26,1.5,2.1,全閉,全閉,5.5,1,1.5,2.1,全閉,全閉,5.5,1,1.5,2.1,0.25,0.65,2.7,1.0,,
A,2024/1/20,兵庫県,新米,山田錦,35,6,105,31.56,10:34:00,10.57 ,34.24,,,,,,,,,,15:01:00,15.02 ,41.88,1.5,2.2,全閉,全閉,5.8,2,1.6,2.1,全閉,全閉,5.8,2,1.7,2.2,0.4,0.8,2.7,0.5,,
B,2024/1/21,広島県,新米,八反錦,60,4,90,31.56,10:37:00,10.62 ,34.20,,,,,,,,,,15:11:00,15.18 ,41.14,1.5,2.1,全閉,全閉,5.5,1,1.5,2.1,全閉,全閉,5.5,2,1.4,1.8,0.25,0.75,2.7,1.0,5.8,
A,2024/1/22,兵庫県,新米,山田錦,35,4,85,30.64,10:35:00,10.58 ,33.38,,,,,,,,,,15:04:00,15.07 ,41.52,1.5,2.1,全閉,全閉,5.5,2,1.6,2.0,全閉,全閉,5.5,2,1.6,1.9,0.25,0.65,2.7,1.0,,
B,2024/1/23,兵庫県,新米,山田錦,35,6,110,30.56,10:40:00,10.67 ,33.28,,,,,,,,,,15:18:00,15.30 ,40.78,1.7,2.2,全閉,全閉,5.8,2,1.6,2.2,全閉,全閉,5.8,1,1.6,2.2,0.3,0.75,2.8,1.0,6.0,
A,2024/1/24,兵庫県,新米,山田錦,35,4,95,30.32,10:19:00,10.32 ,32.08,,,,,,,,,,15:16:00,15.27 ,40.80,1.6,2.2,全閉,全閉,5.6,1,1.6,2.2,全閉,全閉,5.6,1,1.6,2.2,0.25,0.65,2.8,1.0,5.7,
B,2024/1/25,兵庫県,新米,山田錦,35,4,80,30.42,10:26:00,10.43 ,32.54,,,,,,,,,,15:21:00,15.35 ,40.90,1.5,2.1,全閉,全閉,5.5,1,1.5,2.1,全閉,全閉,5.5,1,1.5,2.1,0.25,0.55,2.8,1.0,,
A,2024/1/26,兵庫県,新米,山田錦,35,4,80,30.68,10:24:00,10.40 ,33.04,,,,,,,,,,15:09:00,15.15 ,41.04,1.5,2.1,全閉,全閉,5.5,1,1.5,2.1,全閉,全閉,5.5,1,1.5,2.1,0.25,0.65,2.8,1.0,,
B,2024/1/27,兵庫県,新米,山田錦,50,4,100,31.60,10:37:00,10.62 ,33.86,,,,,,,,,,15:08:00,15.13 ,41.24,1.7,2.3,全閉,全閉,5.7,2,1.6,2.2,全閉,全閉,5.7,2,1.6,2.1,0.25,0.75,2.7,0.5,5.8,
A,2024/1/28,兵庫県,新米,山田錦,35,4,90,30.34,11:13:00,11.22 ,33.64,,,,,,,,,,15:19:00,15.32 ,40.78,1.5,2.1,全閉,全閉,5.6,1,1.5,2.1,全閉,全閉,5.6,2,1.5,2.0,0.25,0.65,2.8,1.0,,
B,2024/1/29,兵庫県,新米,山田錦,35,4,95,30.36,10:43:00,10.72 ,32.74,,,,,,,,,,15:20:00,15.33 ,41.22,1.6,2.2,全閉,全閉,5.7,1,1.6,2.2,全閉,全閉,5.7,1,1.6,2.2,0.25,0.65,2.7,1.0,,
A,2024/1/30,岡山県,新米,雄町,40,4,95,31.44,10:16:00,10.27 ,33.02,,,,,,,,,,15:16:00,15.27 ,40.96,1.5,2.2,全閉,全閉,5.6,1,1.5,2.2,全閉,全閉,5.6,2,1.5,2.0,0.25,0.55,2.8,1.0,5.7,
B,2024/1/31,兵庫県,新米,山田錦,35,3,60,30.28,10:58:00,10.97 ,33.48,,,,,,,,,,15:11:00,15.18 ,41.02,1.3,1.9,全閉,全閉,4.8,2,1.3,1.8,全閉,全閉,4.8,2,1.3,1.9,0.2,0.5,2.9,1.0,,
A,2024/2/1,広島県,新米,八反錦,60,6,140,31.64,10:51:00,10.85 ,33.72,,,1.4,2.2,全閉,全閉,39.0,39.5,6.4,15:20:00,15.33 ,40.76,0.6,1.1,2.5,全開,6.4,1,0.6,1.1,2.5,全開,6.4,2,0.6,0.9,,,,,,
B,2024/2/2,岡山県,新米,雄町,40,3,60,31.76,10:26:00,10.43 ,33.32,,,,,,,,,,15:23:00,15.38 ,40.28,1.3,1.8,全閉,全閉,4.8,1,1.3,1.8,全閉,全閉,4.8,2,1.3,1.6,0.2,0.8,2.9,1.0,,
A,2024/2/3,広島県,新米,八反錦,60,6,140,31.54,10:36:00,10.60 ,33.20,,,1.5,2.3,全閉,全閉,39.0,39.5,6.3,15:31:00,15.52 ,41.14,0.6,1.0,2.5,全開,6.3,2,0.5,0.9,2.5,全開,6.3,2,0.4,0.7,,,,,,
B,2024/2/4,広島県,新米,八反錦,60,6,120,31.82,10:59:00,10.98 ,34.54,,,,,,,,,,15:13:00,15.22 ,40.48,0.5,0.9,2.7,0.5,6.0,2,0.4,0.8,2.7,0.5,6.0,2,0.3,0.6,,,,,,
A,2024/2/5,広島県,新米,八反錦,60,6,140,32.34,11:01:00,11.02 ,34.96,,,,,,,,,,15:13:00,15.22 ,41.28,0.5,1.0,2.7,0.5,6.2,1,0.5,1.0,2.7,0.5,6.2,2,0.4,0.8,,,,,,
B,2024/2/6,広島県,新米,八反錦,60,6,120,32.44,10:33:00,10.55 ,34.18,,,,,,,,,,15:08:00,15.13 ,41.26,0.4,0.9,2.9,1.0,6.0,2,0.4,0.7,2.9,1.0,6.0,2,0.25,0.4,,,,,,
A,2024/2/7,兵庫県,新米,山田錦,50,3,70,31.98,11:08:00,11.13 ,34.84,,,1.4,2.0,全閉,全閉,39.0,39.5,5.0,15:26:00,15.43 ,41.04,1.4,1.9,全閉,全閉,5.0,2,1.3,1.9,全閉,全閉,5.0,2,1.4,1.9,0.2,0.5,3.0,1.0,5.0,
B,2024/2/8,広島県,新米,八反錦,60,6,120,32.10,11:07:00,11.12 ,34.62,,,,,,,,,,15:16:00,15.27 ,40.86,0.4,0.9,2.9,1.0,6.0,1,0.4,0.9,2.9,1.0,6.0,2,0.3,0.6,,,,,,
A,2024/2/9,兵庫県,新米,山田錦,50,6,145,31.62,10:58:00,10.97 ,33.68,,,,,,,,,,15:16:00,15.27 ,40.68,0.7,1.1,2.8,0.5,6.3,1,0.7,1.1,2.8,0.5,6.3,2,0.6,0.9,,,,,,
B,2024/2/10,兵庫県,新米,山田錦,50,6,140,31.98,10:47:00,10.78 ,33.90,,,,,,,,,,15:28:00,15.47 ,41.20,0.6,1.0,2.5,全開,6.2,2,0.6,0.9,2.5,全開,6.2,2,0.5,0.8,,,,,,
A,2024/2/11,兵庫県,新米,山田錦,50,6,145,31.64,10:50:00,10.83 ,34.00,,,,,,,,,,15:10:00,15.17 ,40.28,0.5,1.0,2.5,全開,6.3,1,0.5,1.0,2.5,全開,6.3,2,0.4,0.7,,,,,,
B,2024/2/12,兵庫県,新米,白鶴錦,48,3,62,32.24,10:34:00,10.57 ,34.46,,,1.3,1.9,,,,,,15:20:00,15.33 ,41.46,1.3,1.9,全閉,全閉,4.8,1,1.3,1.9,全閉,全閉,4.8,2,1.4,1.9,,,,,,
A,2024/2/13,兵庫県,新米,山田錦,50,6,120,31.50,10:59:00,10.98 ,33.68,,,,,,,,,,15:04:00,15.07 ,40.36,0.4,0.9,2.5,全開,6.0,1,0.4,0.9,2.5,全開,6.0,2,0.4,0.8,,,,,,
A,2024/2/15,兵庫県,新米,山田錦,50,6,140,32.28,10:52:00,10.87 ,34.74,,,,,,,,,,14:39:39,14.66 ,40.62,0.5,0.9,2.5,全開,6.3,2,0.4,0.8,2.5,全開,6.3,2,0.4,0.7,,,,,,
B,2024/2/16,兵庫県,新米,山田錦,50,6,120,32.80,10:55:00,10.92 ,35.08,,,,,,,,,,15:28:00,15.47 ,41.38,0.4,0.8,2.5,全開,6.0,2,0.4,0.7,2.5,全開,6.0,2,0.4,0.5,,,,,,
A,2024/2/17,兵庫県,新米,山田錦,50,6,140,32.40,11:15:00,11.25 ,35.02,,,,,,,,,,15:08:00,15.13 ,41.10,0.5,0.9,2.5,全開,6.3,1,0.5,0.9,2.5,全開,6.3,1,0.5,0.9,,,,,,
B,2024/2/18,兵庫県,新米,山田錦,50,6,120,32.04,11:05:00,11.08 ,34.22,,,,,,,,,,15:07:00,15.12 ,41.14,0.4,0.8,2.5,全開,6.0,2,0.3,0.7,2.5,全開,6.0,2,0.3,0.5,,,,,,
A,2024/2/19,兵庫県,新米,山田錦,50,6,135,32.30,10:54:00,10.90 ,34.36,,,,,,,,,,15:12:00,15.20 ,40.90,0.5,0.7,2.5,全開,6.2,1,0.5,0.7,2.5,全開,6.2,1,0.5,0.7,,,,,,
B,2024/2/20,兵庫県,新米,山田錦,50,6,120,32.94,11:13:00,11.22 ,36.32,,,,,,,,,,15:02:00,15.03 ,41.34,0.5,0.7,2.5,全開,6.0,1,0.5,0.7,2.5,全開,6.0,1,0.5,0.7,,,,,,
A,2024/2/21,兵庫県,新米,山田錦,60,3,70,33.06,11:02:00,11.03 ,36.52,,,,,,,,,,15:19:00,15.32 ,41.48,1.5,2.2,全閉,全閉,5.2,2,1.3,2.2,全閉,全閉,5.2,1,1.3,2.2,on,,,,,
B,2024/2/22,兵庫県,新米,山田錦,60,4,100,32.46,11:08:00,11.13 ,35.76,,,,,,,,,,14:48:00,14.80 ,41.20,1.5,2.3,全閉,全閉,5.7,2,1.5,2.1,全閉,全閉,5.7,1,1.5,2.1,,,,,,
A,2024/2/23,兵庫県,新米,白鶴錦,48,4,80,31.50,10:50:00,10.83 ,34.16,,,,,,,,,,15:11:00,15.18 ,41.14,1.4,2.1,全閉,全閉,5.4,1,1.4,2.1,全閉,全閉,5.4,1,1.4,2.1,on,,,,,
B,2024/2/24,岡山県,新米,雄町,50,4,100,31.74,10:20:00,10.33 ,33.32,,,,,,,,,,15:16:00,15.27 ,40.78,1.5,2.2,全閉,全閉,5.7,1,1.5,2.2,全閉,全閉,5.7,2,1.5,2.0,,,,,,
A,2024/2/25,兵庫県,新米,白鶴錦,48,6,135,31.84,10:19:00,10.32 ,33.20,,,1.4,2.2,全閉,全閉,39.0,39.5,6.2,15:08:00,15.13 ,40.60,0.5,0.9,2.5,全開,6.2,2,0.5,0.7,2.5,全開,6.2,1,0.5,0.7,,,,,,
A,2024/2/27,兵庫県,新米,白鶴錦,48,6,125,31.88,11:24:00,11.40 ,34.94,,,,,,,,,,15:00:00,15.00 ,40.92,0.5,0.8,2.5,全開,6.2,2,0.5,0.6,2.5,全開,6.2,1,0.5,0.6,,,,,,
B,2024/2/28,兵庫県,新米,白鶴錦,48,3,65,31.60,10:46:00,10.77 ,33.78,,,,,,,,,,15:13:00,15.22 ,41.06,1.3,1.9,全閉,全閉,4.8,1,1.3,1.9,全閉,全閉,4.8,1,1.3,1.9,,,,,,
A,2024/2/29,兵庫県,新米,白鶴錦,48,6,125,31.44,10:37:00,10.62 ,33.30,,,1.4,2.2,全閉,全閉,39.0,39.5,6.2,15:16:00,15.27 ,40.54,0.5,0.8,2.5,全開,6.2,2,0.5,0.6,2.5,全開,6.2,2,0.4,0.5,,,,,,
B,2024/3/1,岡山県,新米,八反錦,60,3,60,31.72,10:46:00,10.77 ,34.26,,,,,,,,,,15:21:00,15.35 ,40.98,1.3,1.9,全閉,全閉,4.8,1,1.3,1.9,全閉,全閉,4.8,2,1.3,1.7,,,,,,
A,2024/3/2,兵庫県,新米,愛山,50,6,140,31.82,10:35:00,10.58 ,33.50,,,,,,,,,,15:13:00,15.22 ,40.96,0.7,0.9,2.5,全開,6.3,1,0.7,0.9,2.5,全開,6.3,2,0.6,0.7,,,,,,
B,2024/3/3,兵庫県,新米,白鶴錦,48,3,60,31.30,10:53:00,10.88 ,33.66,,,,,,,,,,15:27:00,15.45 ,40.82,1.3,1.9,全閉,全閉,4.8,1,1.3,1.9,全閉,全閉,4.8,1,1.3,1.9,,,,,,
A,2024/3/4,兵庫県,新米,愛山,50,6,140,31.46,10:50:00,10.83 ,33.74,,,,,,,,,,15:09:00,15.15 ,40.72,0.7,0.9,2.5,全開,6.3,2,0.6,0.7,2.5,全開,6.3,2,0.6,0.6,,,,,,
B,2024/3/5,兵庫県,新米,山田錦,50,6,110,31.92,10:25:00,10.42 ,33.78,,,,,,,,,,,0.00 ,,0.6,0.5,2.9,1.0,5.8,1,0.6,0.5,2.9,1.0,5.8,1,0.6,0.5,,,,,,
A,2024/3/6,岡山県,新米,雄町,50,6,125,31.88,10:30:00,10.50 ,33.94,,,,,,,,,,15:01:00,15.02 ,40.74,0.7,0.8,2.7,全開,6.0,1,0.7,0.8,2.7,全開,6.0,1,0.7,0.8,,,,,,
B,2024/3/7,兵庫県,新米,愛山,50,4,90,31.76,10:44:00,10.73 ,34.30,,,,,,,,,,15:04:00,15.07 ,41.06,1.5,2.1,全閉,全閉,5.6,2,1.5,2.0,全閉,全閉,5.6,2,1.5,1.8,,,,,,
A,2024/3/8,岡山県,新米,雄町,50,6,120,32.34,10:52:00,10.87 ,34.54,,,1.3,2.1,全閉,全閉,39.0,39.5,6.0,15:13:00,15.22 ,41.10,0.7,0.9,2.8,1.0,6.0,1,0.7,0.9,2.8,1.0,6.0,1,0.7,0.9,,,,,,
B,2024/3/9,岡山県,新米,雄町,50,6,140,32.10,10:33:00,10.55 ,33.86,,,,,,,,,,15:20:00,15.33 ,41.16,0.8,1.0,2.8,1.0,6.3,2,0.8,0.9,2.8,1.0,6.3,2,0.8,0.8,,,,,,
A,2024/3/10,兵庫県,新米,山田錦,50,6,130,31.86,10:53:00,10.88 ,33.92,,,,,,,,,,15:07:00,15.12 ,41.02,0.7,0.9,2.8,1.0,6.0,2,0.7,0.8,2.8,1.0,6.0,2,0.7,0.7,,,,,,
A,2024/3/12,兵庫県,新米,山田錦,50,6,130,31.66,11:39:00,11.65 ,35.52,,,1.3,2.1,全閉,全閉,39.0,39.5,6.0,15:03:00,15.05 ,41.10,0.7,0.9,2.8,1.0,6.0,2,0.6,0.7,2.8,1.0,6.0,2,0.6,0.5,,,,,,
B,2024/3/13,兵庫県,新米,山田錦,50,6,110,32.18,11:03:00,11.05 ,35.02,,,,,,,,,,15:06:00,15.10 ,40.96,0.5,0.7,2.9,1.0,5.8,1,0.5,0.7,2.9,1.0,5.8,2,0.5,0.6,,,,,,
A,2024/3/14,広島県,新米,八反錦,60,6,140,,11:01:00,11.02 ,34.62,,,,,,,,,,15:03:00,15.05 ,40.74,0.7,0.9,2.8,1.0,6.2,1,0.7,0.9,2.8,1.0,6.2,1,0.7,0.9,,,,,,
B,2024/3/15,兵庫県,新米,山田錦,50,6,142,31.86,11:07:00,11.12 ,34.48,,,1.4,2.1,全閉,全閉,39.0,39.5,6.2,15:15:00,15.25 ,40.92,0.7,0.9,2.8,1.0,6.2,1,0.7,0.9,2.8,1.0,6.2,2,0.7,0.8,,,,,,
A,2024/3/16,広島県,新米,八反錦,60,6,140,32.36,11:02:00,11.03 ,34.96,,,1.4,2.2,全閉,全閉,39.0,39.5,6.2,15:12:00,15.20 ,41.14,0.7,0.9,2.8,1.0,6.2,1,0.7,0.9,2.8,1.0,6.2,2,0.6,0.7,,,,,,
B,2024/3/17,広島県,新米,八反錦,60,6,120,32.86,11:17:00,11.28 ,36.06,,,,,,,,,,15:06:00,15.10 ,,0.5,0.7,2.9,1.0,6.0,1,0.5,0.7,2.9,1.0,6.0,2,0.5,0.6,,,,,,
A,2024/3/18,兵庫県,新米,山田錦,55,6,135,33.20,10:40:00,10.67 ,35.54,,,,,,,,,,14:58:00,14.97 ,41.46,0.8,1.0,2.8,1.0,6.2,1,0.8,1.0,2.8,1.0,6.2,1,0.8,1.0,,,,,,
B,2024/3/19,広島県,新米,八反錦,60,6,120,32.54,10:59:00,10.98 ,35.08,,,,,,,,,,,0.00 ,,0.5,0.7,2.9,1.0,6.0,2,0.5,0.6,2.9,1.0,6.0,2,0.4,0.4,,,,,,
A,2024/3/20,兵庫県,新米,山田錦,55,6,135,32.50,10:47:00,10.78 ,34.70,,,,,,,,,,15:05:00,15.08 ,41.36,0.8,1.0,2.8,1.0,6.2,1,0.8,1.0,2.8,1.0,6.2,2,0.8,0.8,,,,,,
B,2024/3/21,兵庫県,新米,山田錦,55,6,125,32.14,10:49:00,10.82 ,34.40,,,,,,,,,,15:16:00,15.27 ,41.42,0.7,0.9,2.8,1.0,6.0,1,0.7,0.9,2.8,1.0,6.0,2,0.7,0.8,,,,,,
A,2024/3/22,兵庫県,新米,山田錦,55,6,135,31.64,10:53:00,10.88 ,34.04,,,1.4,2.2,全閉,全閉,39.0,39.5,6.2,15:12:00,15.20 ,41.06,0.8,1.0,2.8,1.0,6.2,1,0.8,1.0,2.8,1.0,6.2,1,0.8,1.0,,,,,,
B,2024/3/23,兵庫県,新米,山田錦,55,6,135,32.20,11:03:00,11.05 ,34.68,,,1.4,2.2,全閉,全閉,39.0,39.5,6.2,,0.00 ,,0.8,1.0,2.8,1.0,6.2,2,0.8,0.8,2.8,1.0,6.2,2,0.8,0.7,,,,,,
A,2024/3/24,岡山県,新米,山田錦,55,6,135,32.30,10:44:00,10.73 ,34.74,,,,,,,,,,14:57:00,14.95 ,41.00,0.8,1.0,2.8,1.0,6.2,2,0.8,0.9,2.8,1.0,6.2,1,0.8,0.9,,,,,,
B,2024/3/25,岡山県,新米,山田錦,55,6,110,33.30,11:05:00,11.08 ,36.06,,,1.3,2.0,全閉,全閉,39.0,39.5,6.0,14:46:00,14.77 ,41.68,0.6,0.8,2.9,1.0,6.0,1,0.6,0.8,2.9,1.0,6.0,1,0.6,0.8,,,,,,
B,2024/3/27,岡山県,新米,山田錦,55,6,140,32.48,11:36:00,11.60 ,36.76,,,1.4,2.2,全閉,全閉,39.0,39.5,6.2,14:25:00,14.42 ,41.12,0.8,1.0,2.8,1.0,6.2,2,0.8,0.8,2.8,1.0,6.2,1,0.8,0.8,,,,,,
A,2024/3/28,兵庫県,新米,山田錦,50,6,115,32.42,10:34:00,10.57 ,34.30,,,,,,,,,,15:00:00,15.00 ,41.12,0.7,0.9,2.8,1.0,6.0,1,0.7,0.9,2.8,1.0,6.0,2,0.7,0.7,,,,,,
B,2024/3/29,広島県,新米,八反錦,60,4,90,32.34,11:01:00,11.02 ,35.36,,,,,,,,,,14:52:00,14.87 ,40.92,1.5,2.0,全閉,全閉,5.6,1,1.5,2.0,全閉,全閉,5.6,2,1.5,1.8,0.3,0.6,2.9,1.0,5.6,
B,2024/3/31,兵庫県,新米,山田錦,50,6,120,32.82,11:12:00,11.20 ,36.04,,,1.3,2.1,全閉,全閉,39.0,39.5,6.0,14:24:00,14.40 ,41.08,0.7,0.9,2.8,1.0,6.0,1,0.7,0.9,2.8,1.0,6.0,1,0.7,0.9,,,,,,
A,2024/4/1,兵庫県,新米,山田錦,50,6,115,32.60,9:50:00,9.83 ,34.26,,,1.3,2.1,全閉,全閉,39.0,39.5,6.0,14:21:00,14.35 ,41.34,0.7,0.9,2.8,1.0,6.0,1,0.7,0.9,2.8,1.0,6.0,1,0.7,0.9,,,,,,
A,2024/4/3,兵庫県,新米,愛山,60,6,140,32.56,11:44:00,11.73 ,36.70,,,,,,,,,,14:17:00,14.28 ,40.68,0.8,1.0,2.8,1.0,6.2,2,0.7,0.9,2.8,1.0,6.2,2,0.6,0.75,,,,,,
B,2024/4/4,兵庫県,新米,山田錦,50,4,95,32.74,10:42:00,10.70 ,35.10,,,,,,,,,,14:58:00,14.97 ,41.40,1.5,2.2,全閉,全閉,5.7,1,1.5,2.2,全閉,全閉,5.7,1,1.5,2.2,,,,,,
A,2024/4/5,岡山県,新米,雄町,40,4,90,32.06,11:05:00,11.08 ,34.98,,,,,,,,,,14:43:00,14.72 ,41.24,1.5,2.1,全閉,全閉,5.6,1,1.5,2.1,全閉,全閉,5.6,1,1.5,2.1,0.25,0.55,2.9,1.0,5.6,
A,2024/4/7,岡山県,新米,雄町,40,4,85,31.64,11:19:00,11.32 ,34.90,,,1.5,2.0,全閉,全閉,39.0,39.5,5.6,15:01:00,15.02 ,40.96,1.5,2.0,全閉,全閉,5.6,1,1.5,2.0,全閉,全閉,5.6,2,1.5,1.9,on,,,,,
B,2024/4/8,岡山県,新米,雄町,40,6,130,32.72,10:54:00,10.90 ,35.26,,,1.4,2.2,,,,,,14:49:00,14.82 ,40.96,0.8,1.0,2.8,1.0,6.2,2,0.8,0.8,2.8,1.0,6.2,2,0.8,0.7,,,,,,
A,2024/4/9,兵庫県,新米,山田錦,50,6,105,32.96,10:18:00,10.30 ,34.64,,,1.3,2.1,全閉,全閉,39.0,39.5,5.8,14:20:00,14.33 ,40.62,0.7,0.8,2.9,1.0,5.8,1,0.7,0.8,2.9,1.0,5.8,2,0.5,0.6,,,,,,
A,2024/4/11,広島県,新米,八反錦,65,6,140,31.96,11:00:00,11.00 ,34.76,,,1.5,2.3,全閉,全閉,39.0,39.5,6.2,15:00:00,15.00 ,41.06,0.8,1.0,2.8,1.0,6.2,1,0.8,1.0,2.8,1.0,6.2,1,0.8,1.0,,,,,,
B,2024/4/12,兵庫県,新米,山田錦,50,6,140,31.94,11:17:00,11.28 ,34.62,,,1.5,2.2,全閉,全閉,39.0,39.5,6.2,15:15:00,15.25 ,40.74,0.8,1.0,2.8,1.0,6.2,1,0.8,1.0,2.8,1.0,6.2,2,0.8,0.9,,,,,,
A,2024/4/13,広島県,新米,八反錦,65,6,140,33.02,11:17:00,11.28 ,35.68,,,1.5,2.2,全閉,全閉,39.0,39.5,6.2,,0.00 ,41.56,0.8,1.0,2.8,1.0,6.2,2,0.8,0.8,2.8,1.0,6.2,2,0.8,0.7,,,,,,
B,2024/4/14,広島県,新米,八反錦,65,6,150,33.66,10:53:00,10.88 ,36.32,,,1.5,2.2,全閉,全閉,39.0,39.5,6.3,15:04:00,15.07 ,41.56,0.9,1.0,2.8,1.0,6.3,2,0.9,0.8,2.8,1.0,6.3,2,0.9,0.7,,,,,,
A,2024/4/15,広島県,新米,八反錦,65,6,140,33.10,10:59:00,10.98 ,35.96,,,,,,,,,,14:35:00,14.58 ,41.28,0.8,1.0,2.8,1.0,6.2,1,0.8,1.0,2.8,1.0,6.2,1,0.8,1.0,,,,,,
B,2024/4/16,広島県,新米,八反錦,65,6,120,33.92,11:12:00,11.20 ,37.56,,,1.4,2.2,,,,,,15:01:00,15.02 ,41.52,0.7,0.9,2.8,1.0,6.0,2,0.7,0.8,2.8,1.0,6.0,2,0.6,0.6,,,,,,
A,2024/4/17,兵庫県,新米,山田錦,50,6,150,33.44,10:51:00,10.85 ,36.36,,,,,,,,,,14:27:00,14.45 ,40.78,0.9,1.1,2.8,1.0,6.4,1,0.9,1.1,2.8,1.0,6.4,1,0.9,1.1,,,,,,
B,2024/4/18,広島県,新米,八反錦,65,6,120,34.54,11:00:00,11.00 ,37.76,,,,,,,,,,15:06:00,15.10 ,41.56,0.7,0.9,2.8,1.0,6.0,1,0.7,0.9,2.8,1.0,6.0,1,0.7,0.9,,,,,,
A,2024/4/19,兵庫県,新米,山田錦,50,6,115,32.42,11:02:00,11.03 ,34.88,,,,,,,,,,14:48:00,14.80 ,40.88,0.7,0.9,2.9,1.0,6.0,1,0.7,0.9,2.9,1.0,6.0,2,0.7,0.8,,,,,,
B,2024/4/20,兵庫県,新米,山田錦,50,6,110,32.98,11:17:00,11.28 ,36.22,,,1.3,2.1,全閉,全閉,39.0,39.5,5.8,15:03:00,15.05 ,41.76,0.7,0.8,2.9,1.0,5.8,2,0.6,0.7,2.9,1.0,5.8,2,0.5,0.6,,,,,,
A,2024/4/21,広島県,新米,八反錦,45,6,140,33.08,10:21:00,10.35 ,34.52,,,,,,,,,,15:04:00,15.07 ,40.98,0.9,1.0,2.8,1.0,6.3,2,0.8,0.9,2.8,1.0,6.3,2,0.7,0.7,,,,,,
B,2024/4/22,兵庫県,新米,山田錦,50,6,130,33.04,11:25:00,11.42 ,36.46,,,1.3,2.1,全閉,全閉,40.0,40.5,6.2,15:04:00,15.07 ,41.92,0.8,1.0,2.9,1.0,6.2,1,0.8,1.0,2.9,1.0,6.2,1,0.8,1.0,,,,,,
A,2024/4/23,広島県,新米,山田錦,60,6,125,33.42,11:04:00,11.07 ,36.28,,,,,,,,,,15:04:00,15.07 ,41.66,0.7,0.9,2.9,1.0,6.0,1,0.7,0.9,2.9,1.0,6.0,1,0.7,0.9,,,,,,
B,2024/4/24,広島県,新米,八反錦,45,6,120,33.84,10:51:00,10.85 ,36.50,,,,,,,,,,15:05:00,15.08 ,41.12,0.6,0.8,2.9,1.0,6.0,2,0.6,0.6,2.9,1.0,6.0,2,0.5,0.4,,,,,,
A,2024/4/25,広島県,新米,山田錦,60,6,125,32.96,11:04:00,11.07 ,35.48,,,,,,,,,,,0.00 ,,0.7,0.9,2.9,1.0,6.0,1,0.7,0.9,2.9,1.0,6.0,1,0.7,0.9,,,,,,
B,2024/4/26,広島県,新米,山田錦,60,6,110,32.66,11:14:00,11.23 ,35.68,,,1.2,2.1,全閉,全閉,40.0,40.5,5.8,,0.00 ,,0.6,0.8,2.9,1.0,5.8,1,0.6,0.8,2.9,1.0,5.8,2,0.6,0.6,,,,,,
A,2024/4/27,広島県,新米,八反錦,60,6,120,33.00,,,,,,,,,,,,,14:32:00,14.53 ,40.84,0.7,0.9,2.9,1.0,6.0,2,0.7,0.7,2.9,1.0,6.0,2,0.6,0.5,,,,,,
B,2024/4/28,広島県,新米,山田錦,60,6,118,33.36,11:02:00,11.03 ,35.98,,,,,,,,,,,0.00 ,,0.6,0.8,2.9,1.0,5.8,1,0.6,0.8,2.9,1.0,5.8,2,0.6,0.6,,,,,,
A,2024/4/29,広島県,新米,八反錦,60,6,140,33.18,10:45:00,10.75 ,35.54,,,,,,,,,,14:56:00,14.93 ,41.28,0.7,0.9,2.9,1.0,6.2,2,0.6,0.8,2.9,1.0,6.2,1,0.6,0.8,,,,,,
B,2024/4/30,兵庫県,新米,山田錦,50,6,110,33.40,11:00:00,11.00 ,36.16,,,,,,,,,,15:04:00,15.07 ,41.00,0.5,0.7,2.9,1.0,5.8,2,0.6,0.7,2.9,1.0,5.8,1,0.6,0.7,,,,,,
B,2024/5/2,広島県,新米,八反錦,60,6,120,32.76,10:40:00,10.67 ,35.78,,,,,,,,,,14:17:00,14.28 ,41.24,0.6,0.8,2.9,1.0,6.0,2,0.6,0.6,2.9,1.0,6.0,2,0.6,0.4,,,,,,
A,2024/5/3,兵庫県,新米,山田錦,50,6,120,31.64,10:40:00,10.67 ,33.30,,,,,,,,,,,0.00 ,40.80,0.6,0.8,2.9,1.0,6.0,1,0.6,0.8,2.9,1.0,6.0,1,0.6,0.8,,,,,,
B,2024/5/4,兵庫県,新米,山田錦,50,6,110,32.86,10:57:00,10.95 ,35.50,,,,,,,,,,14:31:00,14.52 ,40.94,0.6,0.8,2.9,1.0,5.8,1,0.6,0.8,2.9,1.0,5.8,2,0.6,0.7,,,,,,
A,2024/5/5,兵庫県,新米,山田錦,50,6,150,32.78,11:11:00,11.18 ,35.74,,,,,,,,,,14:45:00,14.75 ,41.08,0.8,1.0,2.9,1.0,6.3,2,0.7,0.8,2.9,1.0,6.3,1,0.7,0.8,,,,,,
B,2024/5/6,兵庫県,新米,山田錦,50,6,125,33.22,11:05:00,11.08 ,36.26,,,,,,,,,,14:47:00,14.78 ,41.52,0.7,0.9,2.9,1.0,6.0,1,0.7,0.9,2.9,1.0,6.0,1,0.7,0.9,,,,,,
A,2024/5/7,広島県,新米,八反錦,60,6,120,33.12,11:00:00,11.00 ,35.82,,,,,,,,,,14:49:00,14.82 ,41.18,0.7,0.9,2.9,1.0,6.0,1,0.7,0.9,2.9,1.0,6.0,1,0.7,0.9,,,,,,
A,2024/5/9,広島県,新米,八反錦,60,6,130,32.02,10:42:00,10.70 ,34.44,,,1.3,2.1,全閉,全閉,39.0,39.5,6.0,14:55:00,14.92 ,40.96,0.7,0.9,2.9,1.0,6.0,2,0.7,0.7,2.9,1.0,6.0,1,0.7,0.7,,,,,,
B,2024/5/10,広島県,新米,八反錦,60,3,65,31.54,11:00:00,11.00 ,34.32,,,,,,,,,,15:05:00,15.08 ,40.80,1.3,1.8,全閉,全閉,4.8,1,1.3,1.8,全閉,全閉,4.8,1,1.3,1.8,,,,,,
A,2024/5/11,兵庫県,新米,山田錦,50,6,150,32.70,10:35:00,10.58 ,34.58,,,,,,,,,,,0.00 ,,0.8,0.9,2.9,1.0,6.2,1,0.8,0.9,2.9,1.0,6.2,1,0.8,0.9,,,,,,
B,2024/5/12,広島県,新米,八反錦,60,6,110,33.34,10:44:00,10.73 ,35.56,,,,,,,,,,14:58:00,14.97 ,41.10,0.6,0.8,2.9,1.0,5.8,2,0.5,0.8,2.9,1.0,5.8,2,0.4,0.6,,,,,,
A,2024/5/13,広島県,新米,八反錦,60,6,140,32.72,10:38:00,10.63 ,35.12,,,,,,,,,,14:24:00,14.40 ,40.72,0.7,0.9,2.9,1.0,6.2,2,0.6,0.7,2.9,1.0,6.2,2,0.5,0.5,,,,,,
A,2024/5/15,広島県,新米,八反錦,60,6,140,32.38,11:04:00,11.07 ,35.80,,,1.4,2.2,全閉,全閉,39.0,39.5,6.2,14:27:00,14.45 ,40.78,0.7,0.9,2.9,1.0,6.2,2,0.6,0.7,2.9,1.0,6.2,2,0.6,0.5,,,,,,
B,2024/5/16,広島県,新米,八反錦,60,6,120,32.64,11:13:00,11.22 ,35.56,,,,,,,,,,15:05:00,15.08 ,41.3,0.6,0.8,2.9,1.0,6.0,2,0.6,0.6,2.9,1.0,6.0,2,0.5,0.4,,,,,,
A,2024/5/17,広島県,新米,八反錦,70,6,140,32.56,11:11:00,11.18 ,35.70,,,,,,,,,,,0.00 ,,0.7,0.8,2.9,1.0,6.2,1,0.7,0.8,2.9,1.0,6.2,1,0.7,0.8,,,,,,
B,2024/5/18,広島県,新米,八反錦,60,6,120,32.74,11:02:00,11.03 ,35.50,,,,,,,,,,15:06:00,15.10 ,41.24,0.6,0.8,2.9,1.0,6.0,2,0.6,0.6,2.9,1.0,6.0,2,0.3,0.6,,,,,,
A,2024/5/19,広島県,新米,八反錦,70,6,140,33.14,11:20:00,11.33 ,37.10,,,,,,,,,,14:43:00,14.72 ,41.48,0.7,0.8,2.9,1.0,6.2,1,0.7,0.8,2.9,1.0,6.2,1,0.7,0.8,,,,,,
B,2024/5/20,広島県,新米,八反錦,70,6,110,32.70,11:02:00,11.03 ,35.96,,,,,,,,,,14:50:00,14.83 ,41.64,0.6,0.7,2.9,1.0,5.8,2,0.6,0.6,2.9,1.0,5.8,2,0.6,0.5,,,,,,
A,2024/5/21,広島県,新米,八反錦,70,6,114,33.06,10:42:00,10.70 ,36.30,,,,,,,,,,13:50:00,13.83 ,40.78,0.6,0.7,2.9,1.0,6.0,1,0.6,0.7,2.9,1.0,6.0,1,0.6,0.7,,,,,,
A,2024/10/7,広島県,古米,八反錦,60,3,55,31.44,12:08:00,12.13 ,35.60,,,1.2,2.1,全閉,全閉,39.0,39.5,4.2,15:15:00,15.25 ,40.74,1.3,2.1,全閉,全閉,4.2,1,1.3,2.1,全閉,全閉,4.2,2,1.2,2.05,,,,,,
A,2024/10/9,広島県,古米,八反錦,60,4,85,32.16,13:10:00,13.17 ,39.62,,,1.4,2.3,全閉,全閉,39.0,39.5,4.8,14:30:00,14.50 ,41.08,1.4,2.3,全閉,全閉,4.8,1,1.4,2.3,全閉,全閉,4.8,2,1.2,2.2,,,,,,
B,2024/10/13,広島県,古米,八反錦,50,2,35,31.32,10:21:00,10.35 ,35.04,,,,,,,,,,13:48:00,13.80 ,41.24,0.8,1.6,全閉,全閉,4.2,1,0.8,1.6,全閉,全閉,4.2,1,0.8,1.6,,,,,,
A,2024/10/14,広島県,古米,八反錦,60,6,135,32.02,11:26:00,11.43 ,35.32,,,1.5,2.4,全閉,全閉,39.0,39.5,6.2,14:42:00,14.70 ,40.96,0.7,1.5,2.5,全開,6.2,2,0.9,1.7,2.5,全開,6.2,1,0.9,1.7,,,,,,
A,2024/10/16,広島県,古米,八反錦,60,6,130,32.52,10:03:00,10.05 ,33.96,,,1.5,2.3,全閉,全閉,39.0,39.5,6.2,14:18:00,14.30 ,40.80,0.9,1.7,2.5,全開,6.2,1,0.9,1.7,2.5,全開,6.2,1,0.9,1.7,,,,,,
B,2024/10/17,広島県,古米,八反錦,60,6,112,32.78,10:48:00,10.80 ,35.40,,,,,,,,,,15:33:00,15.55 ,42.06,0.9,1.8,2.5,全開,6.0,1,0.9,1.8,2.5,全開,6.0,2,0.75,1.65,,,,,,
A,2024/10/18,広島県,古米,八反錦,60,6,135,33.18,11:17:00,11.28 ,35.92,,,1.6,2.5,全閉,全閉,39.0,39.5,6.3,15:14:00,15.23 ,41.64,1.0,1.8,2.5,全開,6.3,1,1.0,1.8,2.5,全開,6.3,1,1.0,1.8,,,,,,
B,2024/10/19,広島県,古米,八反錦,60,6,110,33.60,10:54:00,10.90 ,35.56,,,,,,,,,,15:30:00,15.50 ,41.12,0.8,1.6,2.5,全開,6.0,2,0.9,1.7,2.5,全開,6.0,2,0.85,1.6,,,,,,
A,2024/10/20,広島県,古米,八反錦,60,6,140,33.20,10:22:00,10.37 ,35.06,,,,,,,,,,14:42:00,14.70 ,41.08,1.0,1.8,2.5,全開,6.4,1,1.0,1.8,2.5,全開,6.4,1,1.0,1.8,,,,,,
B,2024/10/21,広島県,古米,八反錦,60,6,130,32.34,,,,,,,,,,,,,14:52:00,14.87 ,,0.9,1.7,2.5,全開,6.3,1,0.9,1.7,2.5,全開,6.3,1,0.9,1.7,,,,,,
A,2024/10/22,広島県,古米,八反錦,60,6,140,32.24,10:49:00,10.82 ,34.44,,,,,,,,,,15:04:00,15.07 ,41.28,1.0,1.8,2.5,全開,6.4,2,1.1,1.8,2.5,全開,6.4,1,1.1,1.8,,,,,,
B,2024/10/23,広島県,古米,八反錦,60,6,140,32.22,11:27:00,11.45 ,35.52,,,,,,,,,,15:02:00,15.03 ,41.08,1.0,1.8,2.5,全開,6.4,1,1.0,1.8,2.5,全開,6.4,2,0.95,1.7,,,,,,
A,2024/10/24,広島県,古米,八反錦,50,6,140,,11:06:00,11.10 ,34.86,,,,,,,,,,15:02:00,15.03 ,40.82,1.0,1.8,2.5,全開,6.3,1,1.0,1.8,2.5,全開,6.3,2,0.9,1.7,,,,,,
B,2024/10/25,広島県,古米,八反錦,60,6,130,31.72,,,,,,,,,,,,,15:14:00,15.23 ,,0.8,1.6,2.5,全開,6.2,1,0.8,1.6,2.5,全開,6.2,2,0.7,1.45,,,,,,
A,2024/10/26,兵庫県,古米,山田錦,50,6,125,32.98,11:49:00,11.82 ,36.88,,,,,,,,,,14:43:00,14.72 ,41.06,0.8,1.6,2.5,全開,6.2,1,0.8,1.6,2.5,全開,6.2,2,0.9,1.8,,,,,,
A,2024/10/28,岡山県,古米,雄町,40,4,85,31.72,10:38:00,10.63 ,34.82,,,1.4,2.2,全閉,全閉,39.0,39.5,5.3,15:13:00,15.22 ,41.52,1.5,2.3,全閉,全閉,5.5,1,1.5,2.3,全閉,全閉,5.5,2,1.4,2.15,0.25,0.65,2.5,全開,5.5,
B,2024/10/29,兵庫県,古米,山田錦,50,4,80,31.20,10:58:00,10.97 ,33.58,,,,,,,,,,15:06:00,15.10 ,41.30,1.4,2.2,全閉,全閉,5.5,2,1.5,2.1,全閉,全閉,5.5,1,1.5,2.1,0.25,0.65,2.5,全開,5.5,
A,2024/10/30,岡山県,古米,雄町,50,6,130,31.64,,,,,,1.5,2.4,全閉,全閉,39.0,39.5,6.3,15:06:00,15.10 ,40.78,0.9,1.8,2.5,全開,6.3,2,1.0,1.8,2.5,全開,6.3,1,1.0,1.8,,,,,,
A,2024/11/1,兵庫県,古米,山田錦,50,6,135,32.02,11:42:00,11.70 ,35.96,,,1.6,2.5,全閉,全閉,39.0,39.5,6.3,14:35:00,14.58 ,40.62,1.0,1.8,2.5,全開,6.3,2,1.1,1.8,2.5,全開,6.3,1,1.1,1.8,,,,,,
B,2024/11/2,岡山県,古米,雄町,50,2,40,30.56,10:30:00,10.50 ,33.52,,,,,,,,,,15:07:00,15.12 ,40.98,1.0,1.8,全閉,全閉,4.5,2,1.1,1.9,全閉,全閉,4.5,2,0.9,1.5,,,,,,
B,2024/11/4,兵庫県,古米,山田錦,50,6,110,32.12,9:57:00,9.95 ,33.48,,,,,,,,,,13:47:00,13.78 ,40.68,0.9,1.7,2.5,全開,6.0,2,0.8,1.6,2.5,全開,6.0,,,,,,,,,